region,date,time,latitude,longitude,exposure,temperature,phosphate,nitrate,silicate,toxicity,HAB,genus,species,spec_biomass
Elbe Estuary,20.03.18,12:00,53.90433,8.78906,low,7.3064,1.069318,19.74528,7.4605571,non,0,diatom,Actinocyclus normanii,1.815196744
Elbe Estuary,20.03.18,12:00,53.90433,8.78906,low,7.3064,1.069318,19.74528,7.4605571,non,0,other,Cryptomonas platyuris,0.143862108
Elbe Estuary,20.03.18,12:00,53.90433,8.78906,low,7.3064,1.069318,19.74528,7.4605571,non,0,other,Snowella fennica,1.115345734
Elbe Estuary,20.03.18,12:00,53.90433,8.78906,low,7.3064,1.069318,19.74528,7.4605571,non,0,diatom,Leptocylindrus danicus,1.960538263
Elbe Estuary,20.03.18,12:00,53.90433,8.78906,low,7.3064,1.069318,19.74528,7.4605571,non,0,other,Coelosphaerium dubium,0.676500325
Elbe Estuary,20.03.18,12:00,53.90433,8.78906,low,7.3064,1.069318,19.74528,7.4605571,low,1,diatom,Cylindrotheca closterium,9.937806373
Elbe Estuary,20.03.18,12:00,53.90433,8.78906,low,7.3064,1.069318,19.74528,7.4605571,non,0,other,Woronichinia compacta,1.320845037
Elbe Estuary,20.03.18,12:00,53.90433,8.78906,low,7.3064,1.069318,19.74528,7.4605571,non,0,other,Cyanodictyon planctonicum,0.479213941
Elbe Estuary,20.03.18,12:00,53.90433,8.78906,low,7.3064,1.069318,19.74528,7.4605571,non,0,diatom,Proboscia alata,0.57057231
Elbe Estuary,20.03.18,12:00,53.90433,8.78906,low,7.3064,1.069318,19.74528,7.4605571,non,0,diatom,Cyclotella radiosa,0.638698046
Elbe Estuary,20.03.18,12:00,53.90433,8.78906,low,7.3064,1.069318,19.74528,7.4605571,high,1,other,Lingulodinium polyedrum,0.335589278
Elbe Estuary,20.03.18,12:00,53.90433,8.78906,low,7.3064,1.069318,19.74528,7.4605571,non,0,diatom,Rhizosolenia setigera,0.438199604
Elbe Estuary,20.03.18,12:00,53.90433,8.78906,low,7.3064,1.069318,19.74528,7.4605571,non,0,diatom,Skeletonema subsalsum,1.201999281
Elbe Estuary,20.03.18,12:00,53.90433,8.78906,low,7.3064,1.069318,19.74528,7.4605571,non,0,other,Aphanizomenon gracile,0.657577685
Elbe Estuary,20.03.18,12:00,53.90433,8.78906,low,7.3064,1.069318,19.74528,7.4605571,non,0,other,Planctonema lauterbornii,1.28442691
Elbe Estuary,21.03.18,12:00,53.90433,8.78906,low,6.9998,0.934611,20.20872,7.086619,non,0,diatom,Actinocyclus normanii,1.852169346
Elbe Estuary,21.03.18,12:00,53.90433,8.78906,low,6.9998,0.934611,20.20872,7.086619,non,0,other,Cryptomonas platyuris,0.148557503
Elbe Estuary,21.03.18,12:00,53.90433,8.78906,low,6.9998,0.934611,20.20872,7.086619,non,0,other,Snowella fennica,1.011591929
Elbe Estuary,21.03.18,12:00,53.90433,8.78906,low,6.9998,0.934611,20.20872,7.086619,non,0,diatom,Leptocylindrus danicus,1.869390048
Elbe Estuary,21.03.18,12:00,53.90433,8.78906,low,6.9998,0.934611,20.20872,7.086619,non,0,other,Coelosphaerium dubium,0.615210309
Elbe Estuary,21.03.18,12:00,53.90433,8.78906,low,6.9998,0.934611,20.20872,7.086619,low,1,diatom,Cylindrotheca closterium,9.186240789
Elbe Estuary,21.03.18,12:00,53.90433,8.78906,low,6.9998,0.934611,20.20872,7.086619,non,0,other,Woronichinia compacta,1.245766545
Elbe Estuary,21.03.18,12:00,53.90433,8.78906,low,6.9998,0.934611,20.20872,7.086619,non,0,other,Cyanodictyon planctonicum,0.456416476
Elbe Estuary,21.03.18,12:00,53.90433,8.78906,low,6.9998,0.934611,20.20872,7.086619,non,0,diatom,Proboscia alata,0.657140388
Elbe Estuary,21.03.18,12:00,53.90433,8.78906,low,6.9998,0.934611,20.20872,7.086619,non,0,diatom,Cyclotella radiosa,0.791474523
Elbe Estuary,21.03.18,12:00,53.90433,8.78906,low,6.9998,0.934611,20.20872,7.086619,high,1,other,Lingulodinium polyedrum,1.585878817
Elbe Estuary,21.03.18,12:00,53.90433,8.78906,low,6.9998,0.934611,20.20872,7.086619,non,0,diatom,Rhizosolenia setigera,0.550369872
Elbe Estuary,21.03.18,12:00,53.90433,8.78906,low,6.9998,0.934611,20.20872,7.086619,non,0,diatom,Skeletonema subsalsum,1.211497001
Elbe Estuary,21.03.18,12:00,53.90433,8.78906,low,6.9998,0.934611,20.20872,7.086619,non,0,other,Aphanizomenon gracile,0.690136548
Elbe Estuary,21.03.18,12:00,53.90433,8.78906,low,6.9998,0.934611,20.20872,7.086619,non,0,other,Planctonema lauterbornii,1.257635616
Elbe Estuary,22.03.18,12:00,53.90433,8.78906,low,7.5616,1.016613,21.23216,5.9950528,non,0,diatom,Actinocyclus normanii,2.096111763
Elbe Estuary,22.03.18,12:00,53.90433,8.78906,low,7.5616,1.016613,21.23216,5.9950528,non,0,other,Cryptomonas platyuris,0.180291008
Elbe Estuary,22.03.18,12:00,53.90433,8.78906,low,7.5616,1.016613,21.23216,5.9950528,non,0,other,Snowella fennica,1.017206899
Elbe Estuary,22.03.18,12:00,53.90433,8.78906,low,7.5616,1.016613,21.23216,5.9950528,non,0,diatom,Leptocylindrus danicus,2.183360498
Elbe Estuary,22.03.18,12:00,53.90433,8.78906,low,7.5616,1.016613,21.23216,5.9950528,non,0,other,Coelosphaerium dubium,0.568590708
Elbe Estuary,22.03.18,12:00,53.90433,8.78906,low,7.5616,1.016613,21.23216,5.9950528,low,1,diatom,Cylindrotheca closterium,6.921422652
Elbe Estuary,22.03.18,12:00,53.90433,8.78906,low,7.5616,1.016613,21.23216,5.9950528,non,0,other,Woronichinia compacta,1.135825549
Elbe Estuary,22.03.18,12:00,53.90433,8.78906,low,7.5616,1.016613,21.23216,5.9950528,non,0,other,Cyanodictyon planctonicum,0.425971607
Elbe Estuary,22.03.18,12:00,53.90433,8.78906,low,7.5616,1.016613,21.23216,5.9950528,non,0,diatom,Proboscia alata,0.815738803
Elbe Estuary,22.03.18,12:00,53.90433,8.78906,low,7.5616,1.016613,21.23216,5.9950528,non,0,diatom,Cyclotella radiosa,0.659226226
Elbe Estuary,22.03.18,12:00,53.90433,8.78906,low,7.5616,1.016613,21.23216,5.9950528,high,1,other,Lingulodinium polyedrum,4.993911532
Elbe Estuary,22.03.18,12:00,53.90433,8.78906,low,7.5616,1.016613,21.23216,5.9950528,non,0,diatom,Rhizosolenia setigera,0.353391416
Elbe Estuary,22.03.18,12:00,53.90433,8.78906,low,7.5616,1.016613,21.23216,5.9950528,non,0,diatom,Skeletonema subsalsum,1.326382259
Elbe Estuary,22.03.18,12:00,53.90433,8.78906,low,7.5616,1.016613,21.23216,5.9950528,non,0,other,Aphanizomenon gracile,0.5623406
Elbe Estuary,22.03.18,12:00,53.90433,8.78906,low,7.5616,1.016613,21.23216,5.9950528,non,0,other,Planctonema lauterbornii,1.111154275
Elbe Estuary,23.03.18,12:00,53.90433,8.78906,low,7.3993,0.910119,22.68255,6.618672,non,0,diatom,Actinocyclus normanii,2.128062332
Elbe Estuary,23.03.18,12:00,53.90433,8.78906,low,7.3993,0.910119,22.68255,6.618672,non,0,other,Cryptomonas platyuris,0.113826609
Elbe Estuary,23.03.18,12:00,53.90433,8.78906,low,7.3993,0.910119,22.68255,6.618672,non,0,other,Snowella fennica,0.977240036
Elbe Estuary,23.03.18,12:00,53.90433,8.78906,low,7.3993,0.910119,22.68255,6.618672,non,0,diatom,Leptocylindrus danicus,2.032037154
Elbe Estuary,23.03.18,12:00,53.90433,8.78906,low,7.3993,0.910119,22.68255,6.618672,non,0,other,Coelosphaerium dubium,0.571789218
Elbe Estuary,23.03.18,12:00,53.90433,8.78906,low,7.3993,0.910119,22.68255,6.618672,low,1,diatom,Cylindrotheca closterium,8.503345501
Elbe Estuary,23.03.18,12:00,53.90433,8.78906,low,7.3993,0.910119,22.68255,6.618672,non,0,other,Woronichinia compacta,1.156837119
Elbe Estuary,23.03.18,12:00,53.90433,8.78906,low,7.3993,0.910119,22.68255,6.618672,non,0,other,Cyanodictyon planctonicum,0.46154212
Elbe Estuary,23.03.18,12:00,53.90433,8.78906,low,7.3993,0.910119,22.68255,6.618672,non,0,diatom,Proboscia alata,0.783963564
Elbe Estuary,23.03.18,12:00,53.90433,8.78906,low,7.3993,0.910119,22.68255,6.618672,non,0,diatom,Cyclotella radiosa,0.572448082
Elbe Estuary,23.03.18,12:00,53.90433,8.78906,low,7.3993,0.910119,22.68255,6.618672,high,1,other,Lingulodinium polyedrum,3.598456146
Elbe Estuary,23.03.18,12:00,53.90433,8.78906,low,7.3993,0.910119,22.68255,6.618672,non,0,diatom,Rhizosolenia setigera,0.626281101
Elbe Estuary,23.03.18,12:00,53.90433,8.78906,low,7.3993,0.910119,22.68255,6.618672,non,0,diatom,Skeletonema subsalsum,1.328792648
Elbe Estuary,23.03.18,12:00,53.90433,8.78906,low,7.3993,0.910119,22.68255,6.618672,non,0,other,Aphanizomenon gracile,0.567041203
Elbe Estuary,23.03.18,12:00,53.90433,8.78906,low,7.3993,0.910119,22.68255,6.618672,non,0,other,Planctonema lauterbornii,1.122839948
Elbe Estuary,24.03.18,12:00,53.90433,8.78906,low,7.7138,1.028485,20.64946,3.7942429,non,0,diatom,Actinocyclus normanii,1.716631328
Elbe Estuary,24.03.18,12:00,53.90433,8.78906,low,7.7138,1.028485,20.64946,3.7942429,non,0,other,Cryptomonas platyuris,0.177995348
Elbe Estuary,24.03.18,12:00,53.90433,8.78906,low,7.7138,1.028485,20.64946,3.7942429,non,0,other,Snowella fennica,1.227298979
Elbe Estuary,24.03.18,12:00,53.90433,8.78906,low,7.7138,1.028485,20.64946,3.7942429,non,0,diatom,Leptocylindrus danicus,1.61880587
Elbe Estuary,24.03.18,12:00,53.90433,8.78906,low,7.7138,1.028485,20.64946,3.7942429,non,0,other,Coelosphaerium dubium,0.734238938
Elbe Estuary,24.03.18,12:00,53.90433,8.78906,low,7.7138,1.028485,20.64946,3.7942429,low,1,diatom,Cylindrotheca closterium,2.69324609
Elbe Estuary,24.03.18,12:00,53.90433,8.78906,low,7.7138,1.028485,20.64946,3.7942429,non,0,other,Woronichinia compacta,1.494479214
Elbe Estuary,24.03.18,12:00,53.90433,8.78906,low,7.7138,1.028485,20.64946,3.7942429,non,0,other,Cyanodictyon planctonicum,0.560909369
Elbe Estuary,24.03.18,12:00,53.90433,8.78906,low,7.7138,1.028485,20.64946,3.7942429,non,0,diatom,Proboscia alata,0.790073899
Elbe Estuary,24.03.18,12:00,53.90433,8.78906,low,7.7138,1.028485,20.64946,3.7942429,non,0,diatom,Cyclotella radiosa,0.726264627
Elbe Estuary,24.03.18,12:00,53.90433,8.78906,low,7.7138,1.028485,20.64946,3.7942429,high,1,other,Lingulodinium polyedrum,8.564130136
Elbe Estuary,24.03.18,12:00,53.90433,8.78906,low,7.7138,1.028485,20.64946,3.7942429,non,0,diatom,Rhizosolenia setigera,0.229053881
Elbe Estuary,24.03.18,12:00,53.90433,8.78906,low,7.7138,1.028485,20.64946,3.7942429,non,0,diatom,Skeletonema subsalsum,1.052066422
Elbe Estuary,24.03.18,12:00,53.90433,8.78906,low,7.7138,1.028485,20.64946,3.7942429,non,0,other,Aphanizomenon gracile,0.700379341
Elbe Estuary,24.03.18,12:00,53.90433,8.78906,low,7.7138,1.028485,20.64946,3.7942429,non,0,other,Planctonema lauterbornii,1.369914454
Elbe Estuary,25.03.18,12:00,53.90433,8.78906,low,7.5402,0.852342,25.13668,4.517867,non,0,diatom,Actinocyclus normanii,1.775131878
Elbe Estuary,25.03.18,12:00,53.90433,8.78906,low,7.5402,0.852342,25.13668,4.517867,non,0,other,Cryptomonas platyuris,0.173684439
Elbe Estuary,25.03.18,12:00,53.90433,8.78906,low,7.5402,0.852342,25.13668,4.517867,non,0,other,Snowella fennica,1.158479524
Elbe Estuary,25.03.18,12:00,53.90433,8.78906,low,7.5402,0.852342,25.13668,4.517867,non,0,diatom,Leptocylindrus danicus,1.704539541
Elbe Estuary,25.03.18,12:00,53.90433,8.78906,low,7.5402,0.852342,25.13668,4.517867,non,0,other,Coelosphaerium dubium,0.652472576
Elbe Estuary,25.03.18,12:00,53.90433,8.78906,low,7.5402,0.852342,25.13668,4.517867,low,1,diatom,Cylindrotheca closterium,3.700349083
Elbe Estuary,25.03.18,12:00,53.90433,8.78906,low,7.5402,0.852342,25.13668,4.517867,non,0,other,Woronichinia compacta,1.309287742
Elbe Estuary,25.03.18,12:00,53.90433,8.78906,low,7.5402,0.852342,25.13668,4.517867,non,0,other,Cyanodictyon planctonicum,0.513214236
Elbe Estuary,25.03.18,12:00,53.90433,8.78906,low,7.5402,0.852342,25.13668,4.517867,non,0,diatom,Proboscia alata,0.712419663
Elbe Estuary,25.03.18,12:00,53.90433,8.78906,low,7.5402,0.852342,25.13668,4.517867,non,0,diatom,Cyclotella radiosa,0.737473065
Elbe Estuary,25.03.18,12:00,53.90433,8.78906,low,7.5402,0.852342,25.13668,4.517867,high,1,other,Lingulodinium polyedrum,6.884713867
Elbe Estuary,25.03.18,12:00,53.90433,8.78906,low,7.5402,0.852342,25.13668,4.517867,non,0,diatom,Rhizosolenia setigera,0.401727
Elbe Estuary,25.03.18,12:00,53.90433,8.78906,low,7.5402,0.852342,25.13668,4.517867,non,0,diatom,Skeletonema subsalsum,1.152614723
Elbe Estuary,25.03.18,12:00,53.90433,8.78906,low,7.5402,0.852342,25.13668,4.517867,non,0,other,Aphanizomenon gracile,0.723784743
Elbe Estuary,25.03.18,12:00,53.90433,8.78906,low,7.5402,0.852342,25.13668,4.517867,non,0,other,Planctonema lauterbornii,1.323661646
Elbe Estuary,26.03.18,12:00,53.90433,8.78906,low,8.2493,0.910019,20.57307,6.0500085,non,0,diatom,Actinocyclus normanii,2.000606403
Elbe Estuary,26.03.18,12:00,53.90433,8.78906,low,8.2493,0.910019,20.57307,6.0500085,non,0,other,Cryptomonas platyuris,0.12341905
Elbe Estuary,26.03.18,12:00,53.90433,8.78906,low,8.2493,0.910019,20.57307,6.0500085,non,0,other,Snowella fennica,1.076364518
Elbe Estuary,26.03.18,12:00,53.90433,8.78906,low,8.2493,0.910019,20.57307,6.0500085,non,0,diatom,Leptocylindrus danicus,1.874476337
Elbe Estuary,26.03.18,12:00,53.90433,8.78906,low,8.2493,0.910019,20.57307,6.0500085,non,0,other,Coelosphaerium dubium,0.57185811
Elbe Estuary,26.03.18,12:00,53.90433,8.78906,low,8.2493,0.910019,20.57307,6.0500085,low,1,diatom,Cylindrotheca closterium,6.821198983
Elbe Estuary,26.03.18,12:00,53.90433,8.78906,low,8.2493,0.910019,20.57307,6.0500085,non,0,other,Woronichinia compacta,1.224200147
Elbe Estuary,26.03.18,12:00,53.90433,8.78906,low,8.2493,0.910019,20.57307,6.0500085,non,0,other,Cyanodictyon planctonicum,0.470487833
Elbe Estuary,26.03.18,12:00,53.90433,8.78906,low,8.2493,0.910019,20.57307,6.0500085,non,0,diatom,Proboscia alata,0.690889286
Elbe Estuary,26.03.18,12:00,53.90433,8.78906,low,8.2493,0.910019,20.57307,6.0500085,non,0,diatom,Cyclotella radiosa,0.756811291
Elbe Estuary,26.03.18,12:00,53.90433,8.78906,low,8.2493,0.910019,20.57307,6.0500085,high,1,other,Lingulodinium polyedrum,4.351305991
Elbe Estuary,26.03.18,12:00,53.90433,8.78906,low,8.2493,0.910019,20.57307,6.0500085,non,0,diatom,Rhizosolenia setigera,0.567585704
Elbe Estuary,26.03.18,12:00,53.90433,8.78906,low,8.2493,0.910019,20.57307,6.0500085,non,0,diatom,Skeletonema subsalsum,1.307680758
Elbe Estuary,26.03.18,12:00,53.90433,8.78906,low,8.2493,0.910019,20.57307,6.0500085,non,0,other,Aphanizomenon gracile,0.59142054
Elbe Estuary,26.03.18,12:00,53.90433,8.78906,low,8.2493,0.910019,20.57307,6.0500085,non,0,other,Planctonema lauterbornii,1.136013387
Elbe Estuary,27.3.18,12:00,53.90433,8.78906,low,8.1707,1.029,16.00049,4.7786985,non,0,diatom,Actinocyclus normanii,1.355072538
Elbe Estuary,27.3.18,12:00,53.90433,8.78906,low,8.1707,1.029,16.00049,4.7786985,non,0,other,Cryptomonas platyuris,0.17488544
Elbe Estuary,27.3.18,12:00,53.90433,8.78906,low,8.1707,1.029,16.00049,4.7786985,non,0,other,Snowella fennica,1.245124267
Elbe Estuary,27.3.18,12:00,53.90433,8.78906,low,8.1707,1.029,16.00049,4.7786985,non,0,diatom,Leptocylindrus danicus,1.40599834
Elbe Estuary,27.3.18,12:00,53.90433,8.78906,low,8.1707,1.029,16.00049,4.7786985,non,0,other,Coelosphaerium dubium,0.722352807
Elbe Estuary,27.3.18,12:00,53.90433,8.78906,low,8.1707,1.029,16.00049,4.7786985,low,1,diatom,Cylindrotheca closterium,3.270099961
Elbe Estuary,27.3.18,12:00,53.90433,8.78906,low,8.1707,1.029,16.00049,4.7786985,non,0,other,Woronichinia compacta,1.432307611
Elbe Estuary,27.3.18,12:00,53.90433,8.78906,low,8.1707,1.029,16.00049,4.7786985,non,0,other,Cyanodictyon planctonicum,0.543538369
Elbe Estuary,27.3.18,12:00,53.90433,8.78906,low,8.1707,1.029,16.00049,4.7786985,non,0,diatom,Proboscia alata,0.497191167
Elbe Estuary,27.3.18,12:00,53.90433,8.78906,low,8.1707,1.029,16.00049,4.7786985,non,0,diatom,Cyclotella radiosa,0.663325117
Elbe Estuary,27.3.18,12:00,53.90433,8.78906,low,8.1707,1.029,16.00049,4.7786985,high,1,other,Lingulodinium polyedrum,3.406844345
Elbe Estuary,27.3.18,12:00,53.90433,8.78906,low,8.1707,1.029,16.00049,4.7786985,non,0,diatom,Rhizosolenia setigera,0.339459877
Elbe Estuary,27.3.18,12:00,53.90433,8.78906,low,8.1707,1.029,16.00049,4.7786985,non,0,diatom,Skeletonema subsalsum,0.977713547
Elbe Estuary,27.3.18,12:00,53.90433,8.78906,low,8.1707,1.029,16.00049,4.7786985,non,0,other,Aphanizomenon gracile,0.653542377
Elbe Estuary,27.3.18,12:00,53.90433,8.78906,low,8.1707,1.029,16.00049,4.7786985,non,0,other,Planctonema lauterbornii,1.419602507
English Channel,20.03.18,12:00,49.39667,-3.95507,low,11.9314,0.10434,9.804059,3.2364168,non,0,other,Microcystis wesenbergii,0.122061919
English Channel,20.03.18,12:00,49.39667,-3.95507,low,11.9314,0.10434,9.804059,3.2364168,non,0,other,Radiocystis geminata,0.144296913
English Channel,20.03.18,12:00,49.39667,-3.95507,low,11.9314,0.10434,9.804059,3.2364168,high,1,other,Noctiluca scintillans,0.003516501
English Channel,20.03.18,12:00,49.39667,-3.95507,low,11.9314,0.10434,9.804059,3.2364168,non,0,other,Cyanodictyon planctonicum,0.073200243
English Channel,20.03.18,12:00,49.39667,-3.95507,low,11.9314,0.10434,9.804059,3.2364168,non,0,diatom,Leptocylindrus danicus,0.115918326
English Channel,20.03.18,12:00,49.39667,-3.95507,low,11.9314,0.10434,9.804059,3.2364168,non,0,other,Pseudanabaena acicularis,0.164600997
English Channel,20.03.18,12:00,49.39667,-3.95507,low,11.9314,0.10434,9.804059,3.2364168,non,0,other,Coelosphaerium dubium,0.137707315
English Channel,20.03.18,12:00,49.39667,-3.95507,low,11.9314,0.10434,9.804059,3.2364168,medium,1,other,Alexandrium catenella,0.03110654
English Channel,20.03.18,12:00,49.39667,-3.95507,low,11.9314,0.10434,9.804059,3.2364168,high,1,other,Lingulodinium polyedrum,0.016371229
English Channel,20.03.18,12:00,49.39667,-3.95507,low,11.9314,0.10434,9.804059,3.2364168,non,0,other,Snowella fennica,0.088982423
English Channel,20.03.18,12:00,49.39667,-3.95507,low,11.9314,0.10434,9.804059,3.2364168,non,0,other,Cryptomonas platyuris,0.044765581
English Channel,20.03.18,12:00,49.39667,-3.95507,low,11.9314,0.10434,9.804059,3.2364168,non,0,other,Lagerheimia subsalsa,0.156168955
English Channel,20.03.18,12:00,49.39667,-3.95507,low,11.9314,0.10434,9.804059,3.2364168,non,0,diatom,Rhizosolenia setigera,0.084531777
English Channel,20.03.18,12:00,49.39667,-3.95507,low,11.9314,0.10434,9.804059,3.2364168,non,0,other,Planctonema lauterbornii,0.036806297
English Channel,20.03.18,12:00,49.39667,-3.95507,low,11.9314,0.10434,9.804059,3.2364168,non,0,other,Woronichinia compacta,0.118871811
English Channel,20.03.18,12:00,49.39667,-3.95507,low,11.9314,0.10434,9.804059,3.2364168,medium,1,diatom,Thalassiosira mala,0.099870799
English Channel,20.03.18,12:00,49.39667,-3.95507,low,11.9314,0.10434,9.804059,3.2364168,low,1,diatom,Cylindrotheca closterium,0.060679911
English Channel,20.03.18,12:00,49.39667,-3.95507,low,11.9314,0.10434,9.804059,3.2364168,non,0,diatom,Cyclotella radiosa,0.202242903
English Channel,20.03.18,12:00,49.39667,-3.95507,low,11.9314,0.10434,9.804059,3.2364168,non,0,other,Planktolyngbya contorta,0.099696581
English Channel,20.03.18,12:00,49.39667,-3.95507,low,11.9314,0.10434,9.804059,3.2364168,non,0,other,Aphanocapsa conferta,0.043385476
English Channel,20.03.18,12:00,49.39667,-3.95507,low,11.9314,0.10434,9.804059,3.2364168,non,0,other,Cryptaulax marina,0.132460137
English Channel,20.03.18,12:00,49.39667,-3.95507,low,11.9314,0.10434,9.804059,3.2364168,non,0,diatom,Guinardia delicatula,0.00752378
English Channel,20.03.18,12:00,49.39667,-3.95507,low,11.9314,0.10434,9.804059,3.2364168,non,0,diatom,Detonula confervacea,0.046065776
English Channel,20.03.18,12:00,49.39667,-3.95507,low,11.9314,0.10434,9.804059,3.2364168,non,0,other,Chroococcus distans,0.009315646
English Channel,21.03.18,12:00,49.39667,-3.95507,low,12.167,0.076549,7.745095,3.2646091,non,0,other,Microcystis wesenbergii,0.072983227
English Channel,21.03.18,12:00,49.39667,-3.95507,low,12.167,0.076549,7.745095,3.2646091,non,0,other,Radiocystis geminata,0.086234451
English Channel,21.03.18,12:00,49.39667,-3.95507,low,12.167,0.076549,7.745095,3.2646091,high,1,other,Noctiluca scintillans,0.004344575
English Channel,21.03.18,12:00,49.39667,-3.95507,low,12.167,0.076549,7.745095,3.2646091,non,0,other,Cyanodictyon planctonicum,0.041580917
English Channel,21.03.18,12:00,49.39667,-3.95507,low,12.167,0.076549,7.745095,3.2646091,non,0,diatom,Leptocylindrus danicus,0.065918244
English Channel,21.03.18,12:00,49.39667,-3.95507,low,12.167,0.076549,7.745095,3.2646091,non,0,other,Pseudanabaena acicularis,0.099181525
English Channel,21.03.18,12:00,49.39667,-3.95507,low,12.167,0.076549,7.745095,3.2646091,non,0,other,Coelosphaerium dubium,0.078310141
English Channel,21.03.18,12:00,49.39667,-3.95507,low,12.167,0.076549,7.745095,3.2646091,medium,1,other,Alexandrium catenella,0.032030635
English Channel,21.03.18,12:00,49.39667,-3.95507,low,12.167,0.076549,7.745095,3.2646091,high,1,other,Lingulodinium polyedrum,0.01322591
English Channel,21.03.18,12:00,49.39667,-3.95507,low,12.167,0.076549,7.745095,3.2646091,non,0,other,Snowella fennica,0.055975039
English Channel,21.03.18,12:00,49.39667,-3.95507,low,12.167,0.076549,7.745095,3.2646091,non,0,other,Cryptomonas platyuris,0.029518382
English Channel,21.03.18,12:00,49.39667,-3.95507,low,12.167,0.076549,7.745095,3.2646091,non,0,other,Lagerheimia subsalsa,0.095036213
English Channel,21.03.18,12:00,49.39667,-3.95507,low,12.167,0.076549,7.745095,3.2646091,non,0,diatom,Rhizosolenia setigera,0.048482214
English Channel,21.03.18,12:00,49.39667,-3.95507,low,12.167,0.076549,7.745095,3.2646091,non,0,other,Planctonema lauterbornii,0.017427128
English Channel,21.03.18,12:00,49.39667,-3.95507,low,12.167,0.076549,7.745095,3.2646091,non,0,other,Woronichinia compacta,0.07805992
English Channel,21.03.18,12:00,49.39667,-3.95507,low,12.167,0.076549,7.745095,3.2646091,medium,1,diatom,Thalassiosira mala,0.057949368
English Channel,21.03.18,12:00,49.39667,-3.95507,low,12.167,0.076549,7.745095,3.2646091,low,1,diatom,Cylindrotheca closterium,0.039694071
English Channel,21.03.18,12:00,49.39667,-3.95507,low,12.167,0.076549,7.745095,3.2646091,non,0,diatom,Cyclotella radiosa,0.128149109
English Channel,21.03.18,12:00,49.39667,-3.95507,low,12.167,0.076549,7.745095,3.2646091,non,0,other,Planktolyngbya contorta,0.058315102
English Channel,21.03.18,12:00,49.39667,-3.95507,low,12.167,0.076549,7.745095,3.2646091,non,0,other,Aphanocapsa conferta,0.034395795
English Channel,21.03.18,12:00,49.39667,-3.95507,low,12.167,0.076549,7.745095,3.2646091,non,0,other,Cryptaulax marina,0.079696156
English Channel,21.03.18,12:00,49.39667,-3.95507,low,12.167,0.076549,7.745095,3.2646091,non,0,diatom,Guinardia delicatula,0.001387016
English Channel,21.03.18,12:00,49.39667,-3.95507,low,12.167,0.076549,7.745095,3.2646091,non,0,diatom,Detonula confervacea,0.030324867
English Channel,21.03.18,12:00,49.39667,-3.95507,low,12.167,0.076549,7.745095,3.2646091,non,0,other,Chroococcus distans,0.009457658
English Channel,22.03.18,12:00,49.39667,-3.95507,low,12.5601,0.104175,12.007747,3.3137309,non,0,other,Microcystis wesenbergii,0.126008044
English Channel,22.03.18,12:00,49.39667,-3.95507,low,12.5601,0.104175,12.007747,3.3137309,non,0,other,Radiocystis geminata,0.148450152
English Channel,22.03.18,12:00,49.39667,-3.95507,low,12.5601,0.104175,12.007747,3.3137309,high,1,other,Noctiluca scintillans,0.001474088
English Channel,22.03.18,12:00,49.39667,-3.95507,low,12.5601,0.104175,12.007747,3.3137309,non,0,other,Cyanodictyon planctonicum,0.062853094
English Channel,22.03.18,12:00,49.39667,-3.95507,low,12.5601,0.104175,12.007747,3.3137309,non,0,diatom,Leptocylindrus danicus,0.106168238
English Channel,22.03.18,12:00,49.39667,-3.95507,low,12.5601,0.104175,12.007747,3.3137309,non,0,other,Pseudanabaena acicularis,0.16775525
English Channel,22.03.18,12:00,49.39667,-3.95507,low,12.5601,0.104175,12.007747,3.3137309,non,0,other,Coelosphaerium dubium,0.134831556
English Channel,22.03.18,12:00,49.39667,-3.95507,low,12.5601,0.104175,12.007747,3.3137309,medium,1,other,Alexandrium catenella,0.036126945
English Channel,22.03.18,12:00,49.39667,-3.95507,low,12.5601,0.104175,12.007747,3.3137309,high,1,other,Lingulodinium polyedrum,0.021188085
English Channel,22.03.18,12:00,49.39667,-3.95507,low,12.5601,0.104175,12.007747,3.3137309,non,0,other,Snowella fennica,0.088093951
English Channel,22.03.18,12:00,49.39667,-3.95507,low,12.5601,0.104175,12.007747,3.3137309,non,0,other,Cryptomonas platyuris,0.0461037
English Channel,22.03.18,12:00,49.39667,-3.95507,low,12.5601,0.104175,12.007747,3.3137309,non,0,other,Lagerheimia subsalsa,0.151319579
English Channel,22.03.18,12:00,49.39667,-3.95507,low,12.5601,0.104175,12.007747,3.3137309,non,0,diatom,Rhizosolenia setigera,0.078345447
English Channel,22.03.18,12:00,49.39667,-3.95507,low,12.5601,0.104175,12.007747,3.3137309,non,0,other,Planctonema lauterbornii,0.035164123
English Channel,22.03.18,12:00,49.39667,-3.95507,low,12.5601,0.104175,12.007747,3.3137309,non,0,other,Woronichinia compacta,0.12073175
English Channel,22.03.18,12:00,49.39667,-3.95507,low,12.5601,0.104175,12.007747,3.3137309,medium,1,diatom,Thalassiosira mala,0.099004991
English Channel,22.03.18,12:00,49.39667,-3.95507,low,12.5601,0.104175,12.007747,3.3137309,low,1,diatom,Cylindrotheca closterium,0.068906067
English Channel,22.03.18,12:00,49.39667,-3.95507,low,12.5601,0.104175,12.007747,3.3137309,non,0,diatom,Cyclotella radiosa,0.206388106
English Channel,22.03.18,12:00,49.39667,-3.95507,low,12.5601,0.104175,12.007747,3.3137309,non,0,other,Planktolyngbya contorta,0.087534787
English Channel,22.03.18,12:00,49.39667,-3.95507,low,12.5601,0.104175,12.007747,3.3137309,non,0,other,Aphanocapsa conferta,0.049095953
English Channel,22.03.18,12:00,49.39667,-3.95507,low,12.5601,0.104175,12.007747,3.3137309,non,0,other,Cryptaulax marina,0.130910129
English Channel,22.03.18,12:00,49.39667,-3.95507,low,12.5601,0.104175,12.007747,3.3137309,non,0,diatom,Guinardia delicatula,0.015198019
English Channel,22.03.18,12:00,49.39667,-3.95507,low,12.5601,0.104175,12.007747,3.3137309,non,0,diatom,Detonula confervacea,0.056049363
English Channel,22.03.18,12:00,49.39667,-3.95507,low,12.5601,0.104175,12.007747,3.3137309,non,0,other,Chroococcus distans,0.013406999
English Channel,23.03.18,12:00,49.39667,-3.95507,low,12.2553,0.11851,11.129269,3.24055,non,0,other,Microcystis wesenbergii,0.147456994
English Channel,23.03.18,12:00,49.39667,-3.95507,low,12.2553,0.11851,11.129269,3.24055,non,0,other,Radiocystis geminata,0.17109893
English Channel,23.03.18,12:00,49.39667,-3.95507,low,12.2553,0.11851,11.129269,3.24055,high,1,other,Noctiluca scintillans,0.000294988
English Channel,23.03.18,12:00,49.39667,-3.95507,low,12.2553,0.11851,11.129269,3.24055,non,0,other,Cyanodictyon planctonicum,0.078214629
English Channel,23.03.18,12:00,49.39667,-3.95507,low,12.2553,0.11851,11.129269,3.24055,non,0,diatom,Leptocylindrus danicus,0.116890971
English Channel,23.03.18,12:00,49.39667,-3.95507,low,12.2553,0.11851,11.129269,3.24055,non,0,other,Pseudanabaena acicularis,0.193232072
English Channel,23.03.18,12:00,49.39667,-3.95507,low,12.2553,0.11851,11.129269,3.24055,non,0,other,Coelosphaerium dubium,0.156735237
English Channel,23.03.18,12:00,49.39667,-3.95507,low,12.2553,0.11851,11.129269,3.24055,medium,1,other,Alexandrium catenella,0.02699062
English Channel,23.03.18,12:00,49.39667,-3.95507,low,12.2553,0.11851,11.129269,3.24055,high,1,other,Lingulodinium polyedrum,0.016732598
English Channel,23.03.18,12:00,49.39667,-3.95507,low,12.2553,0.11851,11.129269,3.24055,non,0,other,Snowella fennica,0.106373193
English Channel,23.03.18,12:00,49.39667,-3.95507,low,12.2553,0.11851,11.129269,3.24055,non,0,other,Cryptomonas platyuris,0.063795786
English Channel,23.03.18,12:00,49.39667,-3.95507,low,12.2553,0.11851,11.129269,3.24055,non,0,other,Lagerheimia subsalsa,0.187603102
English Channel,23.03.18,12:00,49.39667,-3.95507,low,12.2553,0.11851,11.129269,3.24055,non,0,diatom,Rhizosolenia setigera,0.097407781
English Channel,23.03.18,12:00,49.39667,-3.95507,low,12.2553,0.11851,11.129269,3.24055,non,0,other,Planctonema lauterbornii,0.042283242
English Channel,23.03.18,12:00,49.39667,-3.95507,low,12.2553,0.11851,11.129269,3.24055,non,0,other,Woronichinia compacta,0.139739563
English Channel,23.03.18,12:00,49.39667,-3.95507,low,12.2553,0.11851,11.129269,3.24055,medium,1,diatom,Thalassiosira mala,0.117265034
English Channel,23.03.18,12:00,49.39667,-3.95507,low,12.2553,0.11851,11.129269,3.24055,low,1,diatom,Cylindrotheca closterium,0.076711337
English Channel,23.03.18,12:00,49.39667,-3.95507,low,12.2553,0.11851,11.129269,3.24055,non,0,diatom,Cyclotella radiosa,0.249591697
English Channel,23.03.18,12:00,49.39667,-3.95507,low,12.2553,0.11851,11.129269,3.24055,non,0,other,Planktolyngbya contorta,0.118197171
English Channel,23.03.18,12:00,49.39667,-3.95507,low,12.2553,0.11851,11.129269,3.24055,non,0,other,Aphanocapsa conferta,0.064414487
English Channel,23.03.18,12:00,49.39667,-3.95507,low,12.2553,0.11851,11.129269,3.24055,non,0,other,Cryptaulax marina,0.150373832
English Channel,23.03.18,12:00,49.39667,-3.95507,low,12.2553,0.11851,11.129269,3.24055,non,0,diatom,Guinardia delicatula,0.02329283
English Channel,23.03.18,12:00,49.39667,-3.95507,low,12.2553,0.11851,11.129269,3.24055,non,0,diatom,Detonula confervacea,0.063143934
English Channel,23.03.18,12:00,49.39667,-3.95507,low,12.2553,0.11851,11.129269,3.24055,non,0,other,Chroococcus distans,0.015898788
English Channel,24.03.18,12:00,49.39667,-3.95507,low,12.6927,0.087109,11.677393,3.3419111,non,0,other,Microcystis wesenbergii,0.092029475
English Channel,24.03.18,12:00,49.39667,-3.95507,low,12.6927,0.087109,11.677393,3.3419111,non,0,other,Radiocystis geminata,0.110808979
English Channel,24.03.18,12:00,49.39667,-3.95507,low,12.6927,0.087109,11.677393,3.3419111,high,1,other,Noctiluca scintillans,0.002406979
English Channel,24.03.18,12:00,49.39667,-3.95507,low,12.6927,0.087109,11.677393,3.3419111,non,0,other,Cyanodictyon planctonicum,0.046738656
English Channel,24.03.18,12:00,49.39667,-3.95507,low,12.6927,0.087109,11.677393,3.3419111,non,0,diatom,Leptocylindrus danicus,0.07936294
English Channel,24.03.18,12:00,49.39667,-3.95507,low,12.6927,0.087109,11.677393,3.3419111,non,0,other,Pseudanabaena acicularis,0.124460764
English Channel,24.03.18,12:00,49.39667,-3.95507,low,12.6927,0.087109,11.677393,3.3419111,non,0,other,Coelosphaerium dubium,0.102518422
English Channel,24.03.18,12:00,49.39667,-3.95507,low,12.6927,0.087109,11.677393,3.3419111,medium,1,other,Alexandrium catenella,0.037734444
English Channel,24.03.18,12:00,49.39667,-3.95507,low,12.6927,0.087109,11.677393,3.3419111,high,1,other,Lingulodinium polyedrum,0.019697584
English Channel,24.03.18,12:00,49.39667,-3.95507,low,12.6927,0.087109,11.677393,3.3419111,non,0,other,Snowella fennica,0.068503016
English Channel,24.03.18,12:00,49.39667,-3.95507,low,12.6927,0.087109,11.677393,3.3419111,non,0,other,Cryptomonas platyuris,0.031434393
English Channel,24.03.18,12:00,49.39667,-3.95507,low,12.6927,0.087109,11.677393,3.3419111,non,0,other,Lagerheimia subsalsa,0.127064761
English Channel,24.03.18,12:00,49.39667,-3.95507,low,12.6927,0.087109,11.677393,3.3419111,non,0,diatom,Rhizosolenia setigera,0.060424312
English Channel,24.03.18,12:00,49.39667,-3.95507,low,12.6927,0.087109,11.677393,3.3419111,non,0,other,Planctonema lauterbornii,0.022437933
English Channel,24.03.18,12:00,49.39667,-3.95507,low,12.6927,0.087109,11.677393,3.3419111,non,0,other,Woronichinia compacta,0.0913995
English Channel,24.03.18,12:00,49.39667,-3.95507,low,12.6927,0.087109,11.677393,3.3419111,medium,1,diatom,Thalassiosira mala,0.079997063
English Channel,24.03.18,12:00,49.39667,-3.95507,low,12.6927,0.087109,11.677393,3.3419111,low,1,diatom,Cylindrotheca closterium,0.048492763
English Channel,24.03.18,12:00,49.39667,-3.95507,low,12.6927,0.087109,11.677393,3.3419111,non,0,diatom,Cyclotella radiosa,0.165872525
English Channel,24.03.18,12:00,49.39667,-3.95507,low,12.6927,0.087109,11.677393,3.3419111,non,0,other,Planktolyngbya contorta,0.075025103
English Channel,24.03.18,12:00,49.39667,-3.95507,low,12.6927,0.087109,11.677393,3.3419111,non,0,other,Aphanocapsa conferta,0.034837272
English Channel,24.03.18,12:00,49.39667,-3.95507,low,12.6927,0.087109,11.677393,3.3419111,non,0,other,Cryptaulax marina,0.099778471
English Channel,24.03.18,12:00,49.39667,-3.95507,low,12.6927,0.087109,11.677393,3.3419111,non,0,diatom,Guinardia delicatula,0.010264532
English Channel,24.03.18,12:00,49.39667,-3.95507,low,12.6927,0.087109,11.677393,3.3419111,non,0,diatom,Detonula confervacea,0.03365847
English Channel,24.03.18,12:00,49.39667,-3.95507,low,12.6927,0.087109,11.677393,3.3419111,non,0,other,Chroococcus distans,0.009468681
English Channel,25.03.18,12:00,49.39667,-3.95507,low,12.5364,0.088434,8.813085,2.7196265,non,0,other,Microcystis wesenbergii,0.098471267
English Channel,25.03.18,12:00,49.39667,-3.95507,low,12.5364,0.088434,8.813085,2.7196265,non,0,other,Radiocystis geminata,0.122501598
English Channel,25.03.18,12:00,49.39667,-3.95507,low,12.5364,0.088434,8.813085,2.7196265,high,1,other,Noctiluca scintillans,0.001650817
English Channel,25.03.18,12:00,49.39667,-3.95507,low,12.5364,0.088434,8.813085,2.7196265,non,0,other,Cyanodictyon planctonicum,0.052105716
English Channel,25.03.18,12:00,49.39667,-3.95507,low,12.5364,0.088434,8.813085,2.7196265,non,0,diatom,Leptocylindrus danicus,0.068600027
English Channel,25.03.18,12:00,49.39667,-3.95507,low,12.5364,0.088434,8.813085,2.7196265,non,0,other,Pseudanabaena acicularis,0.131352969
English Channel,25.03.18,12:00,49.39667,-3.95507,low,12.5364,0.088434,8.813085,2.7196265,non,0,other,Coelosphaerium dubium,0.107668062
English Channel,25.03.18,12:00,49.39667,-3.95507,low,12.5364,0.088434,8.813085,2.7196265,medium,1,other,Alexandrium catenella,0.009509682
English Channel,25.03.18,12:00,49.39667,-3.95507,low,12.5364,0.088434,8.813085,2.7196265,high,1,other,Lingulodinium polyedrum,0.004631646
English Channel,25.03.18,12:00,49.39667,-3.95507,low,12.5364,0.088434,8.813085,2.7196265,non,0,other,Snowella fennica,0.069639956
English Channel,25.03.18,12:00,49.39667,-3.95507,low,12.5364,0.088434,8.813085,2.7196265,non,0,other,Cryptomonas platyuris,0.036281469
English Channel,25.03.18,12:00,49.39667,-3.95507,low,12.5364,0.088434,8.813085,2.7196265,non,0,other,Lagerheimia subsalsa,0.126183327
English Channel,25.03.18,12:00,49.39667,-3.95507,low,12.5364,0.088434,8.813085,2.7196265,non,0,diatom,Rhizosolenia setigera,0.059519602
English Channel,25.03.18,12:00,49.39667,-3.95507,low,12.5364,0.088434,8.813085,2.7196265,non,0,other,Planctonema lauterbornii,0.024650895
English Channel,25.03.18,12:00,49.39667,-3.95507,low,12.5364,0.088434,8.813085,2.7196265,non,0,other,Woronichinia compacta,0.103063114
English Channel,25.03.18,12:00,49.39667,-3.95507,low,12.5364,0.088434,8.813085,2.7196265,medium,1,diatom,Thalassiosira mala,0.052611367
English Channel,25.03.18,12:00,49.39667,-3.95507,low,12.5364,0.088434,8.813085,2.7196265,low,1,diatom,Cylindrotheca closterium,0.034656765
English Channel,25.03.18,12:00,49.39667,-3.95507,low,12.5364,0.088434,8.813085,2.7196265,non,0,diatom,Cyclotella radiosa,0.147414045
English Channel,25.03.18,12:00,49.39667,-3.95507,low,12.5364,0.088434,8.813085,2.7196265,non,0,other,Planktolyngbya contorta,0.079572482
English Channel,25.03.18,12:00,49.39667,-3.95507,low,12.5364,0.088434,8.813085,2.7196265,non,0,other,Aphanocapsa conferta,0.041216538
English Channel,25.03.18,12:00,49.39667,-3.95507,low,12.5364,0.088434,8.813085,2.7196265,non,0,other,Cryptaulax marina,0.105247263
English Channel,25.03.18,12:00,49.39667,-3.95507,low,12.5364,0.088434,8.813085,2.7196265,non,0,diatom,Guinardia delicatula,0.007298683
English Channel,25.03.18,12:00,49.39667,-3.95507,low,12.5364,0.088434,8.813085,2.7196265,non,0,diatom,Detonula confervacea,0.028893562
English Channel,25.03.18,12:00,49.39667,-3.95507,low,12.5364,0.088434,8.813085,2.7196265,non,0,other,Chroococcus distans,0.010755687
English Channel,26.03.18,12:00,49.39667,-3.95507,low,12.8699,0.090529,11.344787,3.2122767,non,0,other,Microcystis wesenbergii,0.098645087
English Channel,26.03.18,12:00,49.39667,-3.95507,low,12.8699,0.090529,11.344787,3.2122767,non,0,other,Radiocystis geminata,0.117782111
English Channel,26.03.18,12:00,49.39667,-3.95507,low,12.8699,0.090529,11.344787,3.2122767,high,1,other,Noctiluca scintillans,0.000760522
English Channel,26.03.18,12:00,49.39667,-3.95507,low,12.8699,0.090529,11.344787,3.2122767,non,0,other,Cyanodictyon planctonicum,0.052316983
English Channel,26.03.18,12:00,49.39667,-3.95507,low,12.8699,0.090529,11.344787,3.2122767,non,0,diatom,Leptocylindrus danicus,0.076478895
English Channel,26.03.18,12:00,49.39667,-3.95507,low,12.8699,0.090529,11.344787,3.2122767,non,0,other,Pseudanabaena acicularis,0.132959744
English Channel,26.03.18,12:00,49.39667,-3.95507,low,12.8699,0.090529,11.344787,3.2122767,non,0,other,Coelosphaerium dubium,0.108552656
English Channel,26.03.18,12:00,49.39667,-3.95507,low,12.8699,0.090529,11.344787,3.2122767,medium,1,other,Alexandrium catenella,0.035874457
English Channel,26.03.18,12:00,49.39667,-3.95507,low,12.8699,0.090529,11.344787,3.2122767,high,1,other,Lingulodinium polyedrum,0.013857943
English Channel,26.03.18,12:00,49.39667,-3.95507,low,12.8699,0.090529,11.344787,3.2122767,non,0,other,Snowella fennica,0.069991892
English Channel,26.03.18,12:00,49.39667,-3.95507,low,12.8699,0.090529,11.344787,3.2122767,non,0,other,Cryptomonas platyuris,0.041804592
English Channel,26.03.18,12:00,49.39667,-3.95507,low,12.8699,0.090529,11.344787,3.2122767,non,0,other,Lagerheimia subsalsa,0.13115209
English Channel,26.03.18,12:00,49.39667,-3.95507,low,12.8699,0.090529,11.344787,3.2122767,non,0,diatom,Rhizosolenia setigera,0.063123209
English Channel,26.03.18,12:00,49.39667,-3.95507,low,12.8699,0.090529,11.344787,3.2122767,non,0,other,Planctonema lauterbornii,0.024853272
English Channel,26.03.18,12:00,49.39667,-3.95507,low,12.8699,0.090529,11.344787,3.2122767,non,0,other,Woronichinia compacta,0.102017906
English Channel,26.03.18,12:00,49.39667,-3.95507,low,12.8699,0.090529,11.344787,3.2122767,medium,1,diatom,Thalassiosira mala,0.077124239
English Channel,26.03.18,12:00,49.39667,-3.95507,low,12.8699,0.090529,11.344787,3.2122767,low,1,diatom,Cylindrotheca closterium,0.04942053
English Channel,26.03.18,12:00,49.39667,-3.95507,low,12.8699,0.090529,11.344787,3.2122767,non,0,diatom,Cyclotella radiosa,0.164093624
English Channel,26.03.18,12:00,49.39667,-3.95507,low,12.8699,0.090529,11.344787,3.2122767,non,0,other,Planktolyngbya contorta,0.074780862
English Channel,26.03.18,12:00,49.39667,-3.95507,low,12.8699,0.090529,11.344787,3.2122767,non,0,other,Aphanocapsa conferta,0.038280468
English Channel,26.03.18,12:00,49.39667,-3.95507,low,12.8699,0.090529,11.344787,3.2122767,non,0,other,Cryptaulax marina,0.106872128
English Channel,26.03.18,12:00,49.39667,-3.95507,low,12.8699,0.090529,11.344787,3.2122767,non,0,diatom,Guinardia delicatula,0.017898961
English Channel,26.03.18,12:00,49.39667,-3.95507,low,12.8699,0.090529,11.344787,3.2122767,non,0,diatom,Detonula confervacea,0.041697172
English Channel,26.03.18,12:00,49.39667,-3.95507,low,12.8699,0.090529,11.344787,3.2122767,non,0,other,Chroococcus distans,0.011334531
English Channel,27.3.18,12:00,49.39667,-3.95507,low,13.1718,0.064156,10.564154,3.4363141,non,0,other,Microcystis wesenbergii,0.05217636
English Channel,27.3.18,12:00,49.39667,-3.95507,low,13.1718,0.064156,10.564154,3.4363141,non,0,other,Radiocystis geminata,0.062814728
English Channel,27.3.18,12:00,49.39667,-3.95507,low,13.1718,0.064156,10.564154,3.4363141,high,1,other,Noctiluca scintillans,0.002979609
English Channel,27.3.18,12:00,49.39667,-3.95507,low,13.1718,0.064156,10.564154,3.4363141,non,0,other,Cyanodictyon planctonicum,0.028087776
English Channel,27.3.18,12:00,49.39667,-3.95507,low,13.1718,0.064156,10.564154,3.4363141,non,0,diatom,Leptocylindrus danicus,0.051444872
English Channel,27.3.18,12:00,49.39667,-3.95507,low,13.1718,0.064156,10.564154,3.4363141,non,0,other,Pseudanabaena acicularis,0.073290021
English Channel,27.3.18,12:00,49.39667,-3.95507,low,13.1718,0.064156,10.564154,3.4363141,non,0,other,Coelosphaerium dubium,0.058091
English Channel,27.3.18,12:00,49.39667,-3.95507,low,13.1718,0.064156,10.564154,3.4363141,medium,1,other,Alexandrium catenella,0.02849416
English Channel,27.3.18,12:00,49.39667,-3.95507,low,13.1718,0.064156,10.564154,3.4363141,high,1,other,Lingulodinium polyedrum,0.016061931
English Channel,27.3.18,12:00,49.39667,-3.95507,low,13.1718,0.064156,10.564154,3.4363141,non,0,other,Snowella fennica,0.035804275
English Channel,27.3.18,12:00,49.39667,-3.95507,low,13.1718,0.064156,10.564154,3.4363141,non,0,other,Cryptomonas platyuris,0.020654917
English Channel,27.3.18,12:00,49.39667,-3.95507,low,13.1718,0.064156,10.564154,3.4363141,non,0,other,Lagerheimia subsalsa,0.065129595
English Channel,27.3.18,12:00,49.39667,-3.95507,low,13.1718,0.064156,10.564154,3.4363141,non,0,diatom,Rhizosolenia setigera,0.027349544
English Channel,27.3.18,12:00,49.39667,-3.95507,low,13.1718,0.064156,10.564154,3.4363141,non,0,other,Planctonema lauterbornii,0.015339005
English Channel,27.3.18,12:00,49.39667,-3.95507,low,13.1718,0.064156,10.564154,3.4363141,non,0,other,Woronichinia compacta,0.048904754
English Channel,27.3.18,12:00,49.39667,-3.95507,low,13.1718,0.064156,10.564154,3.4363141,medium,1,diatom,Thalassiosira mala,0.045421214
English Channel,27.3.18,12:00,49.39667,-3.95507,low,13.1718,0.064156,10.564154,3.4363141,low,1,diatom,Cylindrotheca closterium,0.030294513
English Channel,27.3.18,12:00,49.39667,-3.95507,low,13.1718,0.064156,10.564154,3.4363141,non,0,diatom,Cyclotella radiosa,0.088928385
English Channel,27.3.18,12:00,49.39667,-3.95507,low,13.1718,0.064156,10.564154,3.4363141,non,0,other,Planktolyngbya contorta,0.038452301
English Channel,27.3.18,12:00,49.39667,-3.95507,low,13.1718,0.064156,10.564154,3.4363141,non,0,other,Aphanocapsa conferta,0.021469637
English Channel,27.3.18,12:00,49.39667,-3.95507,low,13.1718,0.064156,10.564154,3.4363141,non,0,other,Cryptaulax marina,0.055396658
English Channel,27.3.18,12:00,49.39667,-3.95507,low,13.1718,0.064156,10.564154,3.4363141,non,0,diatom,Guinardia delicatula,0.006153896
English Channel,27.3.18,12:00,49.39667,-3.95507,low,13.1718,0.064156,10.564154,3.4363141,non,0,diatom,Detonula confervacea,0.024384037
English Channel,27.3.18,12:00,49.39667,-3.95507,low,13.1718,0.064156,10.564154,3.4363141,non,0,other,Chroococcus distans,0.008734735
Irish Sea,20.03.18,12:00,53.29477,-5.1416,high,11.0586,0.354009,4.21251,1.3617173,high,1,other,Cochlodinium polykrikoides,0.166727261
Irish Sea,20.03.18,12:00,53.29477,-5.1416,high,11.0586,0.354009,4.21251,1.3617173,high,1,other,Noctiluca scintillans,0.029812558
Irish Sea,20.03.18,12:00,53.29477,-5.1416,high,11.0586,0.354009,4.21251,1.3617173,non,0,other,Lagerheimia subsalsa,0.546598889
Irish Sea,20.03.18,12:00,53.29477,-5.1416,high,11.0586,0.354009,4.21251,1.3617173,non,0,diatom,Actinocyclus normanii,0.042757187
Irish Sea,20.03.18,12:00,53.29477,-5.1416,high,11.0586,0.354009,4.21251,1.3617173,non,0,diatom,Detonula confervacea,0.08835632
Irish Sea,20.03.18,12:00,53.29477,-5.1416,high,11.0586,0.354009,4.21251,1.3617173,low,1,diatom,Skeletonema costatum,0.023397933
Irish Sea,20.03.18,12:00,53.29477,-5.1416,high,11.0586,0.354009,4.21251,1.3617173,non,0,diatom,Cyclotella radiosa,0.088002522
Irish Sea,20.03.18,12:00,53.29477,-5.1416,high,11.0586,0.354009,4.21251,1.3617173,medium,1,other,Alexandrium catenella,0.00319391
Irish Sea,20.03.18,12:00,53.29477,-5.1416,high,11.0586,0.354009,4.21251,1.3617173,non,0,other,Snowella fennica,0.157730733
Irish Sea,20.03.18,12:00,53.29477,-5.1416,high,11.0586,0.354009,4.21251,1.3617173,non,0,diatom,Leptocylindrus danicus,0.028396416
Irish Sea,20.03.18,12:00,53.29477,-5.1416,high,11.0586,0.354009,4.21251,1.3617173,non,0,other,Cyanodictyon planctonicum,0.060001248
Irish Sea,20.03.18,12:00,53.29477,-5.1416,high,11.0586,0.354009,4.21251,1.3617173,non,0,diatom,Cerataulina pelagica,0.044084572
Irish Sea,20.03.18,12:00,53.29477,-5.1416,high,11.0586,0.354009,4.21251,1.3617173,non,0,other,Pseudanabaena acicularis,0.102736307
Irish Sea,20.03.18,12:00,53.29477,-5.1416,high,11.0586,0.354009,4.21251,1.3617173,non,0,other,Planktolyngbya contorta,0.516511022
Irish Sea,20.03.18,12:00,53.29477,-5.1416,high,11.0586,0.354009,4.21251,1.3617173,non,0,diatom,Rhizosolenia setigera,0.064214105
Irish Sea,20.03.18,12:00,53.29477,-5.1416,high,11.0586,0.354009,4.21251,1.3617173,non,0,other,Radiocystis geminata,0.030230777
Irish Sea,20.03.18,12:00,53.29477,-5.1416,high,11.0586,0.354009,4.21251,1.3617173,non,0,diatom,Coscinodiscus wailesii,0.001839467
Irish Sea,20.03.18,12:00,53.29477,-5.1416,high,11.0586,0.354009,4.21251,1.3617173,medium,1,diatom,Thalassiosira mala,0.02669776
Irish Sea,20.03.18,12:00,53.29477,-5.1416,high,11.0586,0.354009,4.21251,1.3617173,non,0,other,Planctonema lauterbornii,0.103250001
Irish Sea,20.03.18,12:00,53.29477,-5.1416,high,11.0586,0.354009,4.21251,1.3617173,non,0,other,Cryptomonas platyuris,0.220512337
Irish Sea,20.03.18,12:00,53.29477,-5.1416,high,11.0586,0.354009,4.21251,1.3617173,non,0,other,Scenedesmus apiculatus,0.14201517
Irish Sea,20.03.18,12:00,53.29477,-5.1416,high,11.0586,0.354009,4.21251,1.3617173,non,0,other,Aphanocapsa conferta,0.443774967
Irish Sea,20.03.18,12:00,53.29477,-5.1416,high,11.0586,0.354009,4.21251,1.3617173,non,0,other,Golenkinia radiata,0.050818482
Irish Sea,20.03.18,12:00,53.29477,-5.1416,high,11.0586,0.354009,4.21251,1.3617173,non,0,other,Cryptaulax marina,0.017622887
Irish Sea,20.03.18,12:00,53.29477,-5.1416,high,11.0586,0.354009,4.21251,1.3617173,low,1,other,Chattonella antiqua,0.133099823
Irish Sea,20.03.18,12:00,53.29477,-5.1416,high,11.0586,0.354009,4.21251,1.3617173,non,0,diatom,Guinardia delicatula,0.027972902
Irish Sea,20.03.18,12:00,53.29477,-5.1416,high,11.0586,0.354009,4.21251,1.3617173,non,0,other,Tetrastrum elegans,0.230023879
Irish Sea,20.03.18,12:00,53.29477,-5.1416,high,11.0586,0.354009,4.21251,1.3617173,non,0,other,Chroococcus distans,0.542971425
Irish Sea,20.03.18,12:00,53.29477,-5.1416,high,11.0586,0.354009,4.21251,1.3617173,non,0,diatom,Proboscia alata,0.095922113
Irish Sea,20.03.18,12:00,53.29477,-5.1416,high,11.0586,0.354009,4.21251,1.3617173,medium,1,diatom,Chaetoceros concavicorne,0.009125471
Irish Sea,21.03.18,12:00,53.29477,-5.1416,high,11.3071,0.244037,3.985963,1.9185918,high,1,other,Cochlodinium polykrikoides,0.11524566
Irish Sea,21.03.18,12:00,53.29477,-5.1416,high,11.3071,0.244037,3.985963,1.9185918,high,1,other,Noctiluca scintillans,0.022325261
Irish Sea,21.03.18,12:00,53.29477,-5.1416,high,11.3071,0.244037,3.985963,1.9185918,non,0,other,Lagerheimia subsalsa,0.48107313
Irish Sea,21.03.18,12:00,53.29477,-5.1416,high,11.3071,0.244037,3.985963,1.9185918,non,0,diatom,Actinocyclus normanii,0.045375095
Irish Sea,21.03.18,12:00,53.29477,-5.1416,high,11.3071,0.244037,3.985963,1.9185918,non,0,diatom,Detonula confervacea,0.114490696
Irish Sea,21.03.18,12:00,53.29477,-5.1416,high,11.3071,0.244037,3.985963,1.9185918,low,1,diatom,Skeletonema costatum,0.044726289
Irish Sea,21.03.18,12:00,53.29477,-5.1416,high,11.3071,0.244037,3.985963,1.9185918,non,0,diatom,Cyclotella radiosa,0.112247236
Irish Sea,21.03.18,12:00,53.29477,-5.1416,high,11.3071,0.244037,3.985963,1.9185918,medium,1,other,Alexandrium catenella,0.000741756
Irish Sea,21.03.18,12:00,53.29477,-5.1416,high,11.3071,0.244037,3.985963,1.9185918,non,0,other,Snowella fennica,0.143769639
Irish Sea,21.03.18,12:00,53.29477,-5.1416,high,11.3071,0.244037,3.985963,1.9185918,non,0,diatom,Leptocylindrus danicus,0.028253959
Irish Sea,21.03.18,12:00,53.29477,-5.1416,high,11.3071,0.244037,3.985963,1.9185918,non,0,other,Cyanodictyon planctonicum,0.072051802
Irish Sea,21.03.18,12:00,53.29477,-5.1416,high,11.3071,0.244037,3.985963,1.9185918,non,0,diatom,Cerataulina pelagica,0.051848172
Irish Sea,21.03.18,12:00,53.29477,-5.1416,high,11.3071,0.244037,3.985963,1.9185918,non,0,other,Pseudanabaena acicularis,0.115828074
Irish Sea,21.03.18,12:00,53.29477,-5.1416,high,11.3071,0.244037,3.985963,1.9185918,non,0,other,Planktolyngbya contorta,0.456567371
Irish Sea,21.03.18,12:00,53.29477,-5.1416,high,11.3071,0.244037,3.985963,1.9185918,non,0,diatom,Rhizosolenia setigera,0.084164932
Irish Sea,21.03.18,12:00,53.29477,-5.1416,high,11.3071,0.244037,3.985963,1.9185918,non,0,other,Radiocystis geminata,0.00313418
Irish Sea,21.03.18,12:00,53.29477,-5.1416,high,11.3071,0.244037,3.985963,1.9185918,non,0,diatom,Coscinodiscus wailesii,0.00470682
Irish Sea,21.03.18,12:00,53.29477,-5.1416,high,11.3071,0.244037,3.985963,1.9185918,medium,1,diatom,Thalassiosira mala,0.051460971
Irish Sea,21.03.18,12:00,53.29477,-5.1416,high,11.3071,0.244037,3.985963,1.9185918,non,0,other,Planctonema lauterbornii,0.111760369
Irish Sea,21.03.18,12:00,53.29477,-5.1416,high,11.3071,0.244037,3.985963,1.9185918,non,0,other,Cryptomonas platyuris,0.214509549
Irish Sea,21.03.18,12:00,53.29477,-5.1416,high,11.3071,0.244037,3.985963,1.9185918,non,0,other,Scenedesmus apiculatus,0.146307727
Irish Sea,21.03.18,12:00,53.29477,-5.1416,high,11.3071,0.244037,3.985963,1.9185918,non,0,other,Aphanocapsa conferta,0.391197238
Irish Sea,21.03.18,12:00,53.29477,-5.1416,high,11.3071,0.244037,3.985963,1.9185918,non,0,other,Golenkinia radiata,0.025942932
Irish Sea,21.03.18,12:00,53.29477,-5.1416,high,11.3071,0.244037,3.985963,1.9185918,non,0,other,Cryptaulax marina,0.00844816
Irish Sea,21.03.18,12:00,53.29477,-5.1416,high,11.3071,0.244037,3.985963,1.9185918,low,1,other,Chattonella antiqua,0.098129048
Irish Sea,21.03.18,12:00,53.29477,-5.1416,high,11.3071,0.244037,3.985963,1.9185918,non,0,diatom,Guinardia delicatula,0.038111304
Irish Sea,21.03.18,12:00,53.29477,-5.1416,high,11.3071,0.244037,3.985963,1.9185918,non,0,other,Tetrastrum elegans,0.169708817
Irish Sea,21.03.18,12:00,53.29477,-5.1416,high,11.3071,0.244037,3.985963,1.9185918,non,0,other,Chroococcus distans,0.480377622
Irish Sea,21.03.18,12:00,53.29477,-5.1416,high,11.3071,0.244037,3.985963,1.9185918,non,0,diatom,Proboscia alata,0.122012388
Irish Sea,21.03.18,12:00,53.29477,-5.1416,high,11.3071,0.244037,3.985963,1.9185918,medium,1,diatom,Chaetoceros concavicorne,0.013504061
Irish Sea,22.03.18,12:00,53.29477,-5.1416,high,11.6034,0.208204,5.547207,2.0041295,high,1,other,Cochlodinium polykrikoides,0.203282183
Irish Sea,22.03.18,12:00,53.29477,-5.1416,high,11.6034,0.208204,5.547207,2.0041295,high,1,other,Noctiluca scintillans,0.032766973
Irish Sea,22.03.18,12:00,53.29477,-5.1416,high,11.6034,0.208204,5.547207,2.0041295,non,0,other,Lagerheimia subsalsa,0.596263692
Irish Sea,22.03.18,12:00,53.29477,-5.1416,high,11.6034,0.208204,5.547207,2.0041295,non,0,diatom,Actinocyclus normanii,0.072216001
Irish Sea,22.03.18,12:00,53.29477,-5.1416,high,11.6034,0.208204,5.547207,2.0041295,non,0,diatom,Detonula confervacea,0.147883575
Irish Sea,22.03.18,12:00,53.29477,-5.1416,high,11.6034,0.208204,5.547207,2.0041295,low,1,diatom,Skeletonema costatum,0.062605015
Irish Sea,22.03.18,12:00,53.29477,-5.1416,high,11.6034,0.208204,5.547207,2.0041295,non,0,diatom,Cyclotella radiosa,0.138711198
Irish Sea,22.03.18,12:00,53.29477,-5.1416,high,11.6034,0.208204,5.547207,2.0041295,medium,1,other,Alexandrium catenella,0.000175604
Irish Sea,22.03.18,12:00,53.29477,-5.1416,high,11.6034,0.208204,5.547207,2.0041295,non,0,other,Snowella fennica,0.156664425
Irish Sea,22.03.18,12:00,53.29477,-5.1416,high,11.6034,0.208204,5.547207,2.0041295,non,0,diatom,Leptocylindrus danicus,0.054736083
Irish Sea,22.03.18,12:00,53.29477,-5.1416,high,11.6034,0.208204,5.547207,2.0041295,non,0,other,Cyanodictyon planctonicum,0.097237419
Irish Sea,22.03.18,12:00,53.29477,-5.1416,high,11.6034,0.208204,5.547207,2.0041295,non,0,diatom,Cerataulina pelagica,0.049605675
Irish Sea,22.03.18,12:00,53.29477,-5.1416,high,11.6034,0.208204,5.547207,2.0041295,non,0,other,Pseudanabaena acicularis,0.136091811
Irish Sea,22.03.18,12:00,53.29477,-5.1416,high,11.6034,0.208204,5.547207,2.0041295,non,0,other,Planktolyngbya contorta,0.549133235
Irish Sea,22.03.18,12:00,53.29477,-5.1416,high,11.6034,0.208204,5.547207,2.0041295,non,0,diatom,Rhizosolenia setigera,0.107867074
Irish Sea,22.03.18,12:00,53.29477,-5.1416,high,11.6034,0.208204,5.547207,2.0041295,non,0,other,Radiocystis geminata,0.000333243
Irish Sea,22.03.18,12:00,53.29477,-5.1416,high,11.6034,0.208204,5.547207,2.0041295,non,0,diatom,Coscinodiscus wailesii,0.002487667
Irish Sea,22.03.18,12:00,53.29477,-5.1416,high,11.6034,0.208204,5.547207,2.0041295,medium,1,diatom,Thalassiosira mala,0.072402484
Irish Sea,22.03.18,12:00,53.29477,-5.1416,high,11.6034,0.208204,5.547207,2.0041295,non,0,other,Planctonema lauterbornii,0.107711926
Irish Sea,22.03.18,12:00,53.29477,-5.1416,high,11.6034,0.208204,5.547207,2.0041295,non,0,other,Cryptomonas platyuris,0.288196749
Irish Sea,22.03.18,12:00,53.29477,-5.1416,high,11.6034,0.208204,5.547207,2.0041295,non,0,other,Scenedesmus apiculatus,0.199422315
Irish Sea,22.03.18,12:00,53.29477,-5.1416,high,11.6034,0.208204,5.547207,2.0041295,non,0,other,Aphanocapsa conferta,0.460527434
Irish Sea,22.03.18,12:00,53.29477,-5.1416,high,11.6034,0.208204,5.547207,2.0041295,non,0,other,Golenkinia radiata,0.048115234
Irish Sea,22.03.18,12:00,53.29477,-5.1416,high,11.6034,0.208204,5.547207,2.0041295,non,0,other,Cryptaulax marina,0.053642651
Irish Sea,22.03.18,12:00,53.29477,-5.1416,high,11.6034,0.208204,5.547207,2.0041295,low,1,other,Chattonella antiqua,0.156937427
Irish Sea,22.03.18,12:00,53.29477,-5.1416,high,11.6034,0.208204,5.547207,2.0041295,non,0,diatom,Guinardia delicatula,0.057838067
Irish Sea,22.03.18,12:00,53.29477,-5.1416,high,11.6034,0.208204,5.547207,2.0041295,non,0,other,Tetrastrum elegans,0.223047077
Irish Sea,22.03.18,12:00,53.29477,-5.1416,high,11.6034,0.208204,5.547207,2.0041295,non,0,other,Chroococcus distans,0.586298172
Irish Sea,22.03.18,12:00,53.29477,-5.1416,high,11.6034,0.208204,5.547207,2.0041295,non,0,diatom,Proboscia alata,0.170772982
Irish Sea,22.03.18,12:00,53.29477,-5.1416,high,11.6034,0.208204,5.547207,2.0041295,medium,1,diatom,Chaetoceros concavicorne,0.019117966
Irish Sea,23.03.18,12:00,53.29477,-5.1416,high,11.4885,0.363567,5.958148,1.8183716,high,1,other,Cochlodinium polykrikoides,0.340907731
Irish Sea,23.03.18,12:00,53.29477,-5.1416,high,11.4885,0.363567,5.958148,1.8183716,high,1,other,Noctiluca scintillans,0.070446065
Irish Sea,23.03.18,12:00,53.29477,-5.1416,high,11.4885,0.363567,5.958148,1.8183716,non,0,other,Lagerheimia subsalsa,0.756369282
Irish Sea,23.03.18,12:00,53.29477,-5.1416,high,11.4885,0.363567,5.958148,1.8183716,non,0,diatom,Actinocyclus normanii,0.091768656
Irish Sea,23.03.18,12:00,53.29477,-5.1416,high,11.4885,0.363567,5.958148,1.8183716,non,0,diatom,Detonula confervacea,0.172813281
Irish Sea,23.03.18,12:00,53.29477,-5.1416,high,11.4885,0.363567,5.958148,1.8183716,low,1,diatom,Skeletonema costatum,0.063512478
Irish Sea,23.03.18,12:00,53.29477,-5.1416,high,11.4885,0.363567,5.958148,1.8183716,non,0,diatom,Cyclotella radiosa,0.179637567
Irish Sea,23.03.18,12:00,53.29477,-5.1416,high,11.4885,0.363567,5.958148,1.8183716,medium,1,other,Alexandrium catenella,0.002293584
Irish Sea,23.03.18,12:00,53.29477,-5.1416,high,11.4885,0.363567,5.958148,1.8183716,non,0,other,Snowella fennica,0.216363002
Irish Sea,23.03.18,12:00,53.29477,-5.1416,high,11.4885,0.363567,5.958148,1.8183716,non,0,diatom,Leptocylindrus danicus,0.05822198
Irish Sea,23.03.18,12:00,53.29477,-5.1416,high,11.4885,0.363567,5.958148,1.8183716,non,0,other,Cyanodictyon planctonicum,0.102613665
Irish Sea,23.03.18,12:00,53.29477,-5.1416,high,11.4885,0.363567,5.958148,1.8183716,non,0,diatom,Cerataulina pelagica,0.057750874
Irish Sea,23.03.18,12:00,53.29477,-5.1416,high,11.4885,0.363567,5.958148,1.8183716,non,0,other,Pseudanabaena acicularis,0.15782861
Irish Sea,23.03.18,12:00,53.29477,-5.1416,high,11.4885,0.363567,5.958148,1.8183716,non,0,other,Planktolyngbya contorta,0.679283849
Irish Sea,23.03.18,12:00,53.29477,-5.1416,high,11.4885,0.363567,5.958148,1.8183716,non,0,diatom,Rhizosolenia setigera,0.114962751
Irish Sea,23.03.18,12:00,53.29477,-5.1416,high,11.4885,0.363567,5.958148,1.8183716,non,0,other,Radiocystis geminata,0.051171969
Irish Sea,23.03.18,12:00,53.29477,-5.1416,high,11.4885,0.363567,5.958148,1.8183716,non,0,diatom,Coscinodiscus wailesii,0.005508676
Irish Sea,23.03.18,12:00,53.29477,-5.1416,high,11.4885,0.363567,5.958148,1.8183716,medium,1,diatom,Thalassiosira mala,0.075674907
Irish Sea,23.03.18,12:00,53.29477,-5.1416,high,11.4885,0.363567,5.958148,1.8183716,non,0,other,Planctonema lauterbornii,0.094255606
Irish Sea,23.03.18,12:00,53.29477,-5.1416,high,11.4885,0.363567,5.958148,1.8183716,non,0,other,Cryptomonas platyuris,0.362100821
Irish Sea,23.03.18,12:00,53.29477,-5.1416,high,11.4885,0.363567,5.958148,1.8183716,non,0,other,Scenedesmus apiculatus,0.214351944
Irish Sea,23.03.18,12:00,53.29477,-5.1416,high,11.4885,0.363567,5.958148,1.8183716,non,0,other,Aphanocapsa conferta,0.617398127
Irish Sea,23.03.18,12:00,53.29477,-5.1416,high,11.4885,0.363567,5.958148,1.8183716,non,0,other,Golenkinia radiata,0.047310822
Irish Sea,23.03.18,12:00,53.29477,-5.1416,high,11.4885,0.363567,5.958148,1.8183716,non,0,other,Cryptaulax marina,0.014721226
Irish Sea,23.03.18,12:00,53.29477,-5.1416,high,11.4885,0.363567,5.958148,1.8183716,low,1,other,Chattonella antiqua,0.266864638
Irish Sea,23.03.18,12:00,53.29477,-5.1416,high,11.4885,0.363567,5.958148,1.8183716,non,0,diatom,Guinardia delicatula,0.061296092
Irish Sea,23.03.18,12:00,53.29477,-5.1416,high,11.4885,0.363567,5.958148,1.8183716,non,0,other,Tetrastrum elegans,0.276405451
Irish Sea,23.03.18,12:00,53.29477,-5.1416,high,11.4885,0.363567,5.958148,1.8183716,non,0,other,Chroococcus distans,0.75644117
Irish Sea,23.03.18,12:00,53.29477,-5.1416,high,11.4885,0.363567,5.958148,1.8183716,non,0,diatom,Proboscia alata,0.192606618
Irish Sea,23.03.18,12:00,53.29477,-5.1416,high,11.4885,0.363567,5.958148,1.8183716,medium,1,diatom,Chaetoceros concavicorne,0.020892376
Irish Sea,24.03.18,12:00,53.29477,-5.1416,high,11.4862,0.344209,4.919692,1.8997874,high,1,other,Cochlodinium polykrikoides,0.213908595
Irish Sea,24.03.18,12:00,53.29477,-5.1416,high,11.4862,0.344209,4.919692,1.8997874,high,1,other,Noctiluca scintillans,0.034710712
Irish Sea,24.03.18,12:00,53.29477,-5.1416,high,11.4862,0.344209,4.919692,1.8997874,non,0,other,Lagerheimia subsalsa,0.62050172
Irish Sea,24.03.18,12:00,53.29477,-5.1416,high,11.4862,0.344209,4.919692,1.8997874,non,0,diatom,Actinocyclus normanii,0.067234374
Irish Sea,24.03.18,12:00,53.29477,-5.1416,high,11.4862,0.344209,4.919692,1.8997874,non,0,diatom,Detonula confervacea,0.134071804
Irish Sea,24.03.18,12:00,53.29477,-5.1416,high,11.4862,0.344209,4.919692,1.8997874,low,1,diatom,Skeletonema costatum,0.057715517
Irish Sea,24.03.18,12:00,53.29477,-5.1416,high,11.4862,0.344209,4.919692,1.8997874,non,0,diatom,Cyclotella radiosa,0.13927126
Irish Sea,24.03.18,12:00,53.29477,-5.1416,high,11.4862,0.344209,4.919692,1.8997874,medium,1,other,Alexandrium catenella,0.000240111
Irish Sea,24.03.18,12:00,53.29477,-5.1416,high,11.4862,0.344209,4.919692,1.8997874,non,0,other,Snowella fennica,0.172781929
Irish Sea,24.03.18,12:00,53.29477,-5.1416,high,11.4862,0.344209,4.919692,1.8997874,non,0,diatom,Leptocylindrus danicus,0.043711248
Irish Sea,24.03.18,12:00,53.29477,-5.1416,high,11.4862,0.344209,4.919692,1.8997874,non,0,other,Cyanodictyon planctonicum,0.081041416
Irish Sea,24.03.18,12:00,53.29477,-5.1416,high,11.4862,0.344209,4.919692,1.8997874,non,0,diatom,Cerataulina pelagica,0.056042031
Irish Sea,24.03.18,12:00,53.29477,-5.1416,high,11.4862,0.344209,4.919692,1.8997874,non,0,other,Pseudanabaena acicularis,0.129646572
Irish Sea,24.03.18,12:00,53.29477,-5.1416,high,11.4862,0.344209,4.919692,1.8997874,non,0,other,Planktolyngbya contorta,0.574643317
Irish Sea,24.03.18,12:00,53.29477,-5.1416,high,11.4862,0.344209,4.919692,1.8997874,non,0,diatom,Rhizosolenia setigera,0.111439875
Irish Sea,24.03.18,12:00,53.29477,-5.1416,high,11.4862,0.344209,4.919692,1.8997874,non,0,other,Radiocystis geminata,0.006811086
Irish Sea,24.03.18,12:00,53.29477,-5.1416,high,11.4862,0.344209,4.919692,1.8997874,non,0,diatom,Coscinodiscus wailesii,0.008806918
Irish Sea,24.03.18,12:00,53.29477,-5.1416,high,11.4862,0.344209,4.919692,1.8997874,medium,1,diatom,Thalassiosira mala,0.063166168
Irish Sea,24.03.18,12:00,53.29477,-5.1416,high,11.4862,0.344209,4.919692,1.8997874,non,0,other,Planctonema lauterbornii,0.133218211
Irish Sea,24.03.18,12:00,53.29477,-5.1416,high,11.4862,0.344209,4.919692,1.8997874,non,0,other,Cryptomonas platyuris,0.265720393
Irish Sea,24.03.18,12:00,53.29477,-5.1416,high,11.4862,0.344209,4.919692,1.8997874,non,0,other,Scenedesmus apiculatus,0.200045466
Irish Sea,24.03.18,12:00,53.29477,-5.1416,high,11.4862,0.344209,4.919692,1.8997874,non,0,other,Aphanocapsa conferta,0.488347027
Irish Sea,24.03.18,12:00,53.29477,-5.1416,high,11.4862,0.344209,4.919692,1.8997874,non,0,other,Golenkinia radiata,0.028320864
Irish Sea,24.03.18,12:00,53.29477,-5.1416,high,11.4862,0.344209,4.919692,1.8997874,non,0,other,Cryptaulax marina,0.020526369
Irish Sea,24.03.18,12:00,53.29477,-5.1416,high,11.4862,0.344209,4.919692,1.8997874,low,1,other,Chattonella antiqua,0.16534509
Irish Sea,24.03.18,12:00,53.29477,-5.1416,high,11.4862,0.344209,4.919692,1.8997874,non,0,diatom,Guinardia delicatula,0.061532502
Irish Sea,24.03.18,12:00,53.29477,-5.1416,high,11.4862,0.344209,4.919692,1.8997874,non,0,other,Tetrastrum elegans,0.226758883
Irish Sea,24.03.18,12:00,53.29477,-5.1416,high,11.4862,0.344209,4.919692,1.8997874,non,0,other,Chroococcus distans,0.607713738
Irish Sea,24.03.18,12:00,53.29477,-5.1416,high,11.4862,0.344209,4.919692,1.8997874,non,0,diatom,Proboscia alata,0.150651217
Irish Sea,24.03.18,12:00,53.29477,-5.1416,high,11.4862,0.344209,4.919692,1.8997874,medium,1,diatom,Chaetoceros concavicorne,0.018478095
Irish Sea,25.03.18,12:00,53.29477,-5.1416,high,11.7141,0.33603,4.174257,1.9345277,high,1,other,Cochlodinium polykrikoides,0.129404573
Irish Sea,25.03.18,12:00,53.29477,-5.1416,high,11.7141,0.33603,4.174257,1.9345277,high,1,other,Noctiluca scintillans,0.025880608
Irish Sea,25.03.18,12:00,53.29477,-5.1416,high,11.7141,0.33603,4.174257,1.9345277,non,0,other,Lagerheimia subsalsa,0.511187859
Irish Sea,25.03.18,12:00,53.29477,-5.1416,high,11.7141,0.33603,4.174257,1.9345277,non,0,diatom,Actinocyclus normanii,0.054641821
Irish Sea,25.03.18,12:00,53.29477,-5.1416,high,11.7141,0.33603,4.174257,1.9345277,non,0,diatom,Detonula confervacea,0.126127421
Irish Sea,25.03.18,12:00,53.29477,-5.1416,high,11.7141,0.33603,4.174257,1.9345277,low,1,diatom,Skeletonema costatum,0.045679575
Irish Sea,25.03.18,12:00,53.29477,-5.1416,high,11.7141,0.33603,4.174257,1.9345277,non,0,diatom,Cyclotella radiosa,0.116309962
Irish Sea,25.03.18,12:00,53.29477,-5.1416,high,11.7141,0.33603,4.174257,1.9345277,medium,1,other,Alexandrium catenella,0.004995195
Irish Sea,25.03.18,12:00,53.29477,-5.1416,high,11.7141,0.33603,4.174257,1.9345277,non,0,other,Snowella fennica,0.143884264
Irish Sea,25.03.18,12:00,53.29477,-5.1416,high,11.7141,0.33603,4.174257,1.9345277,non,0,diatom,Leptocylindrus danicus,0.040042053
Irish Sea,25.03.18,12:00,53.29477,-5.1416,high,11.7141,0.33603,4.174257,1.9345277,non,0,other,Cyanodictyon planctonicum,0.108168555
Irish Sea,25.03.18,12:00,53.29477,-5.1416,high,11.7141,0.33603,4.174257,1.9345277,non,0,diatom,Cerataulina pelagica,0.046037205
Irish Sea,25.03.18,12:00,53.29477,-5.1416,high,11.7141,0.33603,4.174257,1.9345277,non,0,other,Pseudanabaena acicularis,0.132485046
Irish Sea,25.03.18,12:00,53.29477,-5.1416,high,11.7141,0.33603,4.174257,1.9345277,non,0,other,Planktolyngbya contorta,0.456926062
Irish Sea,25.03.18,12:00,53.29477,-5.1416,high,11.7141,0.33603,4.174257,1.9345277,non,0,diatom,Rhizosolenia setigera,0.072041684
Irish Sea,25.03.18,12:00,53.29477,-5.1416,high,11.7141,0.33603,4.174257,1.9345277,non,0,other,Radiocystis geminata,0.024748923
Irish Sea,25.03.18,12:00,53.29477,-5.1416,high,11.7141,0.33603,4.174257,1.9345277,non,0,diatom,Coscinodiscus wailesii,1.00E-05
Irish Sea,25.03.18,12:00,53.29477,-5.1416,high,11.7141,0.33603,4.174257,1.9345277,medium,1,diatom,Thalassiosira mala,0.053229049
Irish Sea,25.03.18,12:00,53.29477,-5.1416,high,11.7141,0.33603,4.174257,1.9345277,non,0,other,Planctonema lauterbornii,0.101339269
Irish Sea,25.03.18,12:00,53.29477,-5.1416,high,11.7141,0.33603,4.174257,1.9345277,non,0,other,Cryptomonas platyuris,0.22724936
Irish Sea,25.03.18,12:00,53.29477,-5.1416,high,11.7141,0.33603,4.174257,1.9345277,non,0,other,Scenedesmus apiculatus,0.14196295
Irish Sea,25.03.18,12:00,53.29477,-5.1416,high,11.7141,0.33603,4.174257,1.9345277,non,0,other,Aphanocapsa conferta,0.392783471
Irish Sea,25.03.18,12:00,53.29477,-5.1416,high,11.7141,0.33603,4.174257,1.9345277,non,0,other,Golenkinia radiata,0.009748081
Irish Sea,25.03.18,12:00,53.29477,-5.1416,high,11.7141,0.33603,4.174257,1.9345277,non,0,other,Cryptaulax marina,0.034340193
Irish Sea,25.03.18,12:00,53.29477,-5.1416,high,11.7141,0.33603,4.174257,1.9345277,low,1,other,Chattonella antiqua,0.105650054
Irish Sea,25.03.18,12:00,53.29477,-5.1416,high,11.7141,0.33603,4.174257,1.9345277,non,0,diatom,Guinardia delicatula,0.055211015
Irish Sea,25.03.18,12:00,53.29477,-5.1416,high,11.7141,0.33603,4.174257,1.9345277,non,0,other,Tetrastrum elegans,0.175343453
Irish Sea,25.03.18,12:00,53.29477,-5.1416,high,11.7141,0.33603,4.174257,1.9345277,non,0,other,Chroococcus distans,0.507089578
Irish Sea,25.03.18,12:00,53.29477,-5.1416,high,11.7141,0.33603,4.174257,1.9345277,non,0,diatom,Proboscia alata,0.130963553
Irish Sea,25.03.18,12:00,53.29477,-5.1416,high,11.7141,0.33603,4.174257,1.9345277,medium,1,diatom,Chaetoceros concavicorne,0.019263566
Irish Sea,26.03.18,12:00,53.29477,-5.1416,high,11.8421,0.381273,5.916535,1.7603811,high,1,other,Cochlodinium polykrikoides,0.34317867
Irish Sea,26.03.18,12:00,53.29477,-5.1416,high,11.8421,0.381273,5.916535,1.7603811,high,1,other,Noctiluca scintillans,0.073547447
Irish Sea,26.03.18,12:00,53.29477,-5.1416,high,11.8421,0.381273,5.916535,1.7603811,non,0,other,Lagerheimia subsalsa,0.729396336
Irish Sea,26.03.18,12:00,53.29477,-5.1416,high,11.8421,0.381273,5.916535,1.7603811,non,0,diatom,Actinocyclus normanii,0.074821795
Irish Sea,26.03.18,12:00,53.29477,-5.1416,high,11.8421,0.381273,5.916535,1.7603811,non,0,diatom,Detonula confervacea,0.160552081
Irish Sea,26.03.18,12:00,53.29477,-5.1416,high,11.8421,0.381273,5.916535,1.7603811,low,1,diatom,Skeletonema costatum,0.061724744
Irish Sea,26.03.18,12:00,53.29477,-5.1416,high,11.8421,0.381273,5.916535,1.7603811,non,0,diatom,Cyclotella radiosa,0.167920535
Irish Sea,26.03.18,12:00,53.29477,-5.1416,high,11.8421,0.381273,5.916535,1.7603811,medium,1,other,Alexandrium catenella,0.013144609
Irish Sea,26.03.18,12:00,53.29477,-5.1416,high,11.8421,0.381273,5.916535,1.7603811,non,0,other,Snowella fennica,0.21086773
Irish Sea,26.03.18,12:00,53.29477,-5.1416,high,11.8421,0.381273,5.916535,1.7603811,non,0,diatom,Leptocylindrus danicus,0.058909447
Irish Sea,26.03.18,12:00,53.29477,-5.1416,high,11.8421,0.381273,5.916535,1.7603811,non,0,other,Cyanodictyon planctonicum,0.116925573
Irish Sea,26.03.18,12:00,53.29477,-5.1416,high,11.8421,0.381273,5.916535,1.7603811,non,0,diatom,Cerataulina pelagica,0.066627018
Irish Sea,26.03.18,12:00,53.29477,-5.1416,high,11.8421,0.381273,5.916535,1.7603811,non,0,other,Pseudanabaena acicularis,0.196591977
Irish Sea,26.03.18,12:00,53.29477,-5.1416,high,11.8421,0.381273,5.916535,1.7603811,non,0,other,Planktolyngbya contorta,0.721048389
Irish Sea,26.03.18,12:00,53.29477,-5.1416,high,11.8421,0.381273,5.916535,1.7603811,non,0,diatom,Rhizosolenia setigera,0.108742185
Irish Sea,26.03.18,12:00,53.29477,-5.1416,high,11.8421,0.381273,5.916535,1.7603811,non,0,other,Radiocystis geminata,0.000515981
Irish Sea,26.03.18,12:00,53.29477,-5.1416,high,11.8421,0.381273,5.916535,1.7603811,non,0,diatom,Coscinodiscus wailesii,0.008759981
Irish Sea,26.03.18,12:00,53.29477,-5.1416,high,11.8421,0.381273,5.916535,1.7603811,medium,1,diatom,Thalassiosira mala,0.066109316
Irish Sea,26.03.18,12:00,53.29477,-5.1416,high,11.8421,0.381273,5.916535,1.7603811,non,0,other,Planctonema lauterbornii,0.149663553
Irish Sea,26.03.18,12:00,53.29477,-5.1416,high,11.8421,0.381273,5.916535,1.7603811,non,0,other,Cryptomonas platyuris,0.317137986
Irish Sea,26.03.18,12:00,53.29477,-5.1416,high,11.8421,0.381273,5.916535,1.7603811,non,0,other,Scenedesmus apiculatus,0.216758522
Irish Sea,26.03.18,12:00,53.29477,-5.1416,high,11.8421,0.381273,5.916535,1.7603811,non,0,other,Aphanocapsa conferta,0.583881376
Irish Sea,26.03.18,12:00,53.29477,-5.1416,high,11.8421,0.381273,5.916535,1.7603811,non,0,other,Golenkinia radiata,0.071815237
Irish Sea,26.03.18,12:00,53.29477,-5.1416,high,11.8421,0.381273,5.916535,1.7603811,non,0,other,Cryptaulax marina,0.024051097
Irish Sea,26.03.18,12:00,53.29477,-5.1416,high,11.8421,0.381273,5.916535,1.7603811,low,1,other,Chattonella antiqua,0.249263285
Irish Sea,26.03.18,12:00,53.29477,-5.1416,high,11.8421,0.381273,5.916535,1.7603811,non,0,diatom,Guinardia delicatula,0.063826
Irish Sea,26.03.18,12:00,53.29477,-5.1416,high,11.8421,0.381273,5.916535,1.7603811,non,0,other,Tetrastrum elegans,0.271761141
Irish Sea,26.03.18,12:00,53.29477,-5.1416,high,11.8421,0.381273,5.916535,1.7603811,non,0,other,Chroococcus distans,0.731421746
Irish Sea,26.03.18,12:00,53.29477,-5.1416,high,11.8421,0.381273,5.916535,1.7603811,non,0,diatom,Proboscia alata,0.192164985
Irish Sea,26.03.18,12:00,53.29477,-5.1416,high,11.8421,0.381273,5.916535,1.7603811,medium,1,diatom,Chaetoceros concavicorne,0.020980996
Irish Sea,27.3.18,12:00,53.29477,-5.1416,high,12.1647,0.293855,3.856812,2.4186837,high,1,other,Cochlodinium polykrikoides,0.078055912
Irish Sea,27.3.18,12:00,53.29477,-5.1416,high,12.1647,0.293855,3.856812,2.4186837,high,1,other,Noctiluca scintillans,0.01715063
Irish Sea,27.3.18,12:00,53.29477,-5.1416,high,12.1647,0.293855,3.856812,2.4186837,non,0,other,Lagerheimia subsalsa,0.46371748
Irish Sea,27.3.18,12:00,53.29477,-5.1416,high,12.1647,0.293855,3.856812,2.4186837,non,0,diatom,Actinocyclus normanii,0.064216195
Irish Sea,27.3.18,12:00,53.29477,-5.1416,high,12.1647,0.293855,3.856812,2.4186837,non,0,diatom,Detonula confervacea,0.12111152
Irish Sea,27.3.18,12:00,53.29477,-5.1416,high,12.1647,0.293855,3.856812,2.4186837,low,1,diatom,Skeletonema costatum,0.065765487
Irish Sea,27.3.18,12:00,53.29477,-5.1416,high,12.1647,0.293855,3.856812,2.4186837,non,0,diatom,Cyclotella radiosa,0.133785015
Irish Sea,27.3.18,12:00,53.29477,-5.1416,high,12.1647,0.293855,3.856812,2.4186837,medium,1,other,Alexandrium catenella,0.002590937
Irish Sea,27.3.18,12:00,53.29477,-5.1416,high,12.1647,0.293855,3.856812,2.4186837,non,0,other,Snowella fennica,0.130259424
Irish Sea,27.3.18,12:00,53.29477,-5.1416,high,12.1647,0.293855,3.856812,2.4186837,non,0,diatom,Leptocylindrus danicus,0.039482654
Irish Sea,27.3.18,12:00,53.29477,-5.1416,high,12.1647,0.293855,3.856812,2.4186837,non,0,other,Cyanodictyon planctonicum,0.053447586
Irish Sea,27.3.18,12:00,53.29477,-5.1416,high,12.1647,0.293855,3.856812,2.4186837,non,0,diatom,Cerataulina pelagica,0.044370431
Irish Sea,27.3.18,12:00,53.29477,-5.1416,high,12.1647,0.293855,3.856812,2.4186837,non,0,other,Pseudanabaena acicularis,0.097020167
Irish Sea,27.3.18,12:00,53.29477,-5.1416,high,12.1647,0.293855,3.856812,2.4186837,non,0,other,Planktolyngbya contorta,0.413581794
Irish Sea,27.3.18,12:00,53.29477,-5.1416,high,12.1647,0.293855,3.856812,2.4186837,non,0,diatom,Rhizosolenia setigera,0.087113798
Irish Sea,27.3.18,12:00,53.29477,-5.1416,high,12.1647,0.293855,3.856812,2.4186837,non,0,other,Radiocystis geminata,0.017003292
Irish Sea,27.3.18,12:00,53.29477,-5.1416,high,12.1647,0.293855,3.856812,2.4186837,non,0,diatom,Coscinodiscus wailesii,0.010679506
Irish Sea,27.3.18,12:00,53.29477,-5.1416,high,12.1647,0.293855,3.856812,2.4186837,medium,1,diatom,Thalassiosira mala,0.076907567
Irish Sea,27.3.18,12:00,53.29477,-5.1416,high,12.1647,0.293855,3.856812,2.4186837,non,0,other,Planctonema lauterbornii,0.091033195
Irish Sea,27.3.18,12:00,53.29477,-5.1416,high,12.1647,0.293855,3.856812,2.4186837,non,0,other,Cryptomonas platyuris,0.207579021
Irish Sea,27.3.18,12:00,53.29477,-5.1416,high,12.1647,0.293855,3.856812,2.4186837,non,0,other,Scenedesmus apiculatus,0.132815729
Irish Sea,27.3.18,12:00,53.29477,-5.1416,high,12.1647,0.293855,3.856812,2.4186837,non,0,other,Aphanocapsa conferta,0.353613728
Irish Sea,27.3.18,12:00,53.29477,-5.1416,high,12.1647,0.293855,3.856812,2.4186837,non,0,other,Golenkinia radiata,0.010152316
Irish Sea,27.3.18,12:00,53.29477,-5.1416,high,12.1647,0.293855,3.856812,2.4186837,non,0,other,Cryptaulax marina,0.023152152
Irish Sea,27.3.18,12:00,53.29477,-5.1416,high,12.1647,0.293855,3.856812,2.4186837,low,1,other,Chattonella antiqua,0.05622383
Irish Sea,27.3.18,12:00,53.29477,-5.1416,high,12.1647,0.293855,3.856812,2.4186837,non,0,diatom,Guinardia delicatula,0.048133191
Irish Sea,27.3.18,12:00,53.29477,-5.1416,high,12.1647,0.293855,3.856812,2.4186837,non,0,other,Tetrastrum elegans,0.16570028
Irish Sea,27.3.18,12:00,53.29477,-5.1416,high,12.1647,0.293855,3.856812,2.4186837,non,0,other,Chroococcus distans,0.441242705
Irish Sea,27.3.18,12:00,53.29477,-5.1416,high,12.1647,0.293855,3.856812,2.4186837,non,0,diatom,Proboscia alata,0.143453246
Irish Sea,27.3.18,12:00,53.29477,-5.1416,high,12.1647,0.293855,3.856812,2.4186837,medium,1,diatom,Chaetoceros concavicorne,0.024522977
Norwegian Trench,20.03.18,12:00,58.28639,4.98779,high,4.8507,0.075617,10.552205,0.8847674,non,0,other,Snowella fennica,0.160854311
Norwegian Trench,20.03.18,12:00,58.28639,4.98779,high,4.8507,0.075617,10.552205,0.8847674,non,0,other,Coelosphaerium dubium,0.124152182
Norwegian Trench,20.03.18,12:00,58.28639,4.98779,high,4.8507,0.075617,10.552205,0.8847674,medium,1,other,Alexandrium catenella,0.016197247
Norwegian Trench,20.03.18,12:00,58.28639,4.98779,high,4.8507,0.075617,10.552205,0.8847674,non,0,diatom,Skeletonema subsalsum,0.013834549
Norwegian Trench,20.03.18,12:00,58.28639,4.98779,high,4.8507,0.075617,10.552205,0.8847674,non,0,other,Radiocystis geminata,0.091450859
Norwegian Trench,20.03.18,12:00,58.28639,4.98779,high,4.8507,0.075617,10.552205,0.8847674,low,1,diatom,Cylindrotheca closterium,0.003310503
Norwegian Trench,20.03.18,12:00,58.28639,4.98779,high,4.8507,0.075617,10.552205,0.8847674,medium,1,diatom,Thalassiosira mala,0.003699599
Norwegian Trench,20.03.18,12:00,58.28639,4.98779,high,4.8507,0.075617,10.552205,0.8847674,non,0,other,Tetrastrum elegans,0.119201999
Norwegian Trench,20.03.18,12:00,58.28639,4.98779,high,4.8507,0.075617,10.552205,0.8847674,non,0,other,Cryptaulax marina,0.120877879
Norwegian Trench,20.03.18,12:00,58.28639,4.98779,high,4.8507,0.075617,10.552205,0.8847674,low,1,other,Chattonella antiqua,0.023178902
Norwegian Trench,20.03.18,12:00,58.28639,4.98779,high,4.8507,0.075617,10.552205,0.8847674,non,0,other,Cyanodictyon planctonicum,0.066230037
Norwegian Trench,20.03.18,12:00,58.28639,4.98779,high,4.8507,0.075617,10.552205,0.8847674,non,0,other,Planctonema lauterbornii,0.096482074
Norwegian Trench,20.03.18,12:00,58.28639,4.98779,high,4.8507,0.075617,10.552205,0.8847674,non,0,diatom,Leptocylindrus danicus,0.031004627
Norwegian Trench,20.03.18,12:00,58.28639,4.98779,high,4.8507,0.075617,10.552205,0.8847674,non,0,other,Golenkinia radiata,0.111344092
Norwegian Trench,20.03.18,12:00,58.28639,4.98779,high,4.8507,0.075617,10.552205,0.8847674,non,0,diatom,Coscinodiscus wailesii,0.023444403
Norwegian Trench,20.03.18,12:00,58.28639,4.98779,high,4.8507,0.075617,10.552205,0.8847674,non,0,other,Chroococcus distans,0.103840422
Norwegian Trench,20.03.18,12:00,58.28639,4.98779,high,4.8507,0.075617,10.552205,0.8847674,non,0,diatom,Cerataulina pelagica,0.023224232
Norwegian Trench,21.03.18,12:00,58.28639,4.98779,high,5.2864,0.110722,11.337819,1.0664298,non,0,other,Snowella fennica,0.295712458
Norwegian Trench,21.03.18,12:00,58.28639,4.98779,high,5.2864,0.110722,11.337819,1.0664298,non,0,other,Coelosphaerium dubium,0.204212636
Norwegian Trench,21.03.18,12:00,58.28639,4.98779,high,5.2864,0.110722,11.337819,1.0664298,medium,1,other,Alexandrium catenella,0.045146718
Norwegian Trench,21.03.18,12:00,58.28639,4.98779,high,5.2864,0.110722,11.337819,1.0664298,non,0,diatom,Skeletonema subsalsum,0.029829057
Norwegian Trench,21.03.18,12:00,58.28639,4.98779,high,5.2864,0.110722,11.337819,1.0664298,non,0,other,Radiocystis geminata,0.18611418
Norwegian Trench,21.03.18,12:00,58.28639,4.98779,high,5.2864,0.110722,11.337819,1.0664298,low,1,diatom,Cylindrotheca closterium,0.008729009
Norwegian Trench,21.03.18,12:00,58.28639,4.98779,high,5.2864,0.110722,11.337819,1.0664298,medium,1,diatom,Thalassiosira mala,0.010313402
Norwegian Trench,21.03.18,12:00,58.28639,4.98779,high,5.2864,0.110722,11.337819,1.0664298,non,0,other,Tetrastrum elegans,0.215461633
Norwegian Trench,21.03.18,12:00,58.28639,4.98779,high,5.2864,0.110722,11.337819,1.0664298,non,0,other,Cryptaulax marina,0.199206185
Norwegian Trench,21.03.18,12:00,58.28639,4.98779,high,5.2864,0.110722,11.337819,1.0664298,low,1,other,Chattonella antiqua,0.062808338
Norwegian Trench,21.03.18,12:00,58.28639,4.98779,high,5.2864,0.110722,11.337819,1.0664298,non,0,other,Cyanodictyon planctonicum,0.128596547
Norwegian Trench,21.03.18,12:00,58.28639,4.98779,high,5.2864,0.110722,11.337819,1.0664298,non,0,other,Planctonema lauterbornii,0.163061775
Norwegian Trench,21.03.18,12:00,58.28639,4.98779,high,5.2864,0.110722,11.337819,1.0664298,non,0,diatom,Leptocylindrus danicus,0.064774068
Norwegian Trench,21.03.18,12:00,58.28639,4.98779,high,5.2864,0.110722,11.337819,1.0664298,non,0,other,Golenkinia radiata,0.194490484
Norwegian Trench,21.03.18,12:00,58.28639,4.98779,high,5.2864,0.110722,11.337819,1.0664298,non,0,diatom,Coscinodiscus wailesii,0.054075486
Norwegian Trench,21.03.18,12:00,58.28639,4.98779,high,5.2864,0.110722,11.337819,1.0664298,non,0,other,Chroococcus distans,0.20036806
Norwegian Trench,21.03.18,12:00,58.28639,4.98779,high,5.2864,0.110722,11.337819,1.0664298,non,0,diatom,Cerataulina pelagica,0.054307964
Norwegian Trench,22.03.18,12:00,58.28639,4.98779,high,5.2858,0.095627,11.538608,0.9248176,non,0,other,Snowella fennica,0.241812511
Norwegian Trench,22.03.18,12:00,58.28639,4.98779,high,5.2858,0.095627,11.538608,0.9248176,non,0,other,Coelosphaerium dubium,0.173118761
Norwegian Trench,22.03.18,12:00,58.28639,4.98779,high,5.2858,0.095627,11.538608,0.9248176,medium,1,other,Alexandrium catenella,0.030537865
Norwegian Trench,22.03.18,12:00,58.28639,4.98779,high,5.2858,0.095627,11.538608,0.9248176,non,0,diatom,Skeletonema subsalsum,0.021405766
Norwegian Trench,22.03.18,12:00,58.28639,4.98779,high,5.2858,0.095627,11.538608,0.9248176,non,0,other,Radiocystis geminata,0.141401893
Norwegian Trench,22.03.18,12:00,58.28639,4.98779,high,5.2858,0.095627,11.538608,0.9248176,low,1,diatom,Cylindrotheca closterium,0.005262914
Norwegian Trench,22.03.18,12:00,58.28639,4.98779,high,5.2858,0.095627,11.538608,0.9248176,medium,1,diatom,Thalassiosira mala,0.00619343
Norwegian Trench,22.03.18,12:00,58.28639,4.98779,high,5.2858,0.095627,11.538608,0.9248176,non,0,other,Tetrastrum elegans,0.179810399
Norwegian Trench,22.03.18,12:00,58.28639,4.98779,high,5.2858,0.095627,11.538608,0.9248176,non,0,other,Cryptaulax marina,0.183183249
Norwegian Trench,22.03.18,12:00,58.28639,4.98779,high,5.2858,0.095627,11.538608,0.9248176,low,1,other,Chattonella antiqua,0.045749939
Norwegian Trench,22.03.18,12:00,58.28639,4.98779,high,5.2858,0.095627,11.538608,0.9248176,non,0,other,Cyanodictyon planctonicum,0.095771013
Norwegian Trench,22.03.18,12:00,58.28639,4.98779,high,5.2858,0.095627,11.538608,0.9248176,non,0,other,Planctonema lauterbornii,0.14671766
Norwegian Trench,22.03.18,12:00,58.28639,4.98779,high,5.2858,0.095627,11.538608,0.9248176,non,0,diatom,Leptocylindrus danicus,0.04658082
Norwegian Trench,22.03.18,12:00,58.28639,4.98779,high,5.2858,0.095627,11.538608,0.9248176,non,0,other,Golenkinia radiata,0.153128576
Norwegian Trench,22.03.18,12:00,58.28639,4.98779,high,5.2858,0.095627,11.538608,0.9248176,non,0,diatom,Coscinodiscus wailesii,0.038186521
Norwegian Trench,22.03.18,12:00,58.28639,4.98779,high,5.2858,0.095627,11.538608,0.9248176,non,0,other,Chroococcus distans,0.148450253
Norwegian Trench,22.03.18,12:00,58.28639,4.98779,high,5.2858,0.095627,11.538608,0.9248176,non,0,diatom,Cerataulina pelagica,0.036402203
Norwegian Trench,23.03.18,12:00,58.28639,4.98779,high,5.6304,0.098503,9.289853,0.9121424,non,0,other,Snowella fennica,0.255356606
Norwegian Trench,23.03.18,12:00,58.28639,4.98779,high,5.6304,0.098503,9.289853,0.9121424,non,0,other,Coelosphaerium dubium,0.177201204
Norwegian Trench,23.03.18,12:00,58.28639,4.98779,high,5.6304,0.098503,9.289853,0.9121424,medium,1,other,Alexandrium catenella,0.034998232
Norwegian Trench,23.03.18,12:00,58.28639,4.98779,high,5.6304,0.098503,9.289853,0.9121424,non,0,diatom,Skeletonema subsalsum,0.019792521
Norwegian Trench,23.03.18,12:00,58.28639,4.98779,high,5.6304,0.098503,9.289853,0.9121424,non,0,other,Radiocystis geminata,0.143078622
Norwegian Trench,23.03.18,12:00,58.28639,4.98779,high,5.6304,0.098503,9.289853,0.9121424,low,1,diatom,Cylindrotheca closterium,0.005367648
Norwegian Trench,23.03.18,12:00,58.28639,4.98779,high,5.6304,0.098503,9.289853,0.9121424,medium,1,diatom,Thalassiosira mala,0.006307728
Norwegian Trench,23.03.18,12:00,58.28639,4.98779,high,5.6304,0.098503,9.289853,0.9121424,non,0,other,Tetrastrum elegans,0.201150584
Norwegian Trench,23.03.18,12:00,58.28639,4.98779,high,5.6304,0.098503,9.289853,0.9121424,non,0,other,Cryptaulax marina,0.18819234
Norwegian Trench,23.03.18,12:00,58.28639,4.98779,high,5.6304,0.098503,9.289853,0.9121424,low,1,other,Chattonella antiqua,0.048015227
Norwegian Trench,23.03.18,12:00,58.28639,4.98779,high,5.6304,0.098503,9.289853,0.9121424,non,0,other,Cyanodictyon planctonicum,0.108754535
Norwegian Trench,23.03.18,12:00,58.28639,4.98779,high,5.6304,0.098503,9.289853,0.9121424,non,0,other,Planctonema lauterbornii,0.133953795
Norwegian Trench,23.03.18,12:00,58.28639,4.98779,high,5.6304,0.098503,9.289853,0.9121424,non,0,diatom,Leptocylindrus danicus,0.051022184
Norwegian Trench,23.03.18,12:00,58.28639,4.98779,high,5.6304,0.098503,9.289853,0.9121424,non,0,other,Golenkinia radiata,0.173046377
Norwegian Trench,23.03.18,12:00,58.28639,4.98779,high,5.6304,0.098503,9.289853,0.9121424,non,0,diatom,Coscinodiscus wailesii,0.037088872
Norwegian Trench,23.03.18,12:00,58.28639,4.98779,high,5.6304,0.098503,9.289853,0.9121424,non,0,other,Chroococcus distans,0.151495284
Norwegian Trench,23.03.18,12:00,58.28639,4.98779,high,5.6304,0.098503,9.289853,0.9121424,non,0,diatom,Cerataulina pelagica,0.039578955
Norwegian Trench,24.03.18,12:00,58.28639,4.98779,high,5.8159,0.100584,6.818473,0.8892808,non,0,other,Snowella fennica,0.25267234
Norwegian Trench,24.03.18,12:00,58.28639,4.98779,high,5.8159,0.100584,6.818473,0.8892808,non,0,other,Coelosphaerium dubium,0.184106355
Norwegian Trench,24.03.18,12:00,58.28639,4.98779,high,5.8159,0.100584,6.818473,0.8892808,medium,1,other,Alexandrium catenella,0.037174405
Norwegian Trench,24.03.18,12:00,58.28639,4.98779,high,5.8159,0.100584,6.818473,0.8892808,non,0,diatom,Skeletonema subsalsum,0.020851779
Norwegian Trench,24.03.18,12:00,58.28639,4.98779,high,5.8159,0.100584,6.818473,0.8892808,non,0,other,Radiocystis geminata,0.153209079
Norwegian Trench,24.03.18,12:00,58.28639,4.98779,high,5.8159,0.100584,6.818473,0.8892808,low,1,diatom,Cylindrotheca closterium,0.005204187
Norwegian Trench,24.03.18,12:00,58.28639,4.98779,high,5.8159,0.100584,6.818473,0.8892808,medium,1,diatom,Thalassiosira mala,0.006258408
Norwegian Trench,24.03.18,12:00,58.28639,4.98779,high,5.8159,0.100584,6.818473,0.8892808,non,0,other,Tetrastrum elegans,0.200233239
Norwegian Trench,24.03.18,12:00,58.28639,4.98779,high,5.8159,0.100584,6.818473,0.8892808,non,0,other,Cryptaulax marina,0.189845448
Norwegian Trench,24.03.18,12:00,58.28639,4.98779,high,5.8159,0.100584,6.818473,0.8892808,low,1,other,Chattonella antiqua,0.051233618
Norwegian Trench,24.03.18,12:00,58.28639,4.98779,high,5.8159,0.100584,6.818473,0.8892808,non,0,other,Cyanodictyon planctonicum,0.104226977
Norwegian Trench,24.03.18,12:00,58.28639,4.98779,high,5.8159,0.100584,6.818473,0.8892808,non,0,other,Planctonema lauterbornii,0.15215148
Norwegian Trench,24.03.18,12:00,58.28639,4.98779,high,5.8159,0.100584,6.818473,0.8892808,non,0,diatom,Leptocylindrus danicus,0.050518989
Norwegian Trench,24.03.18,12:00,58.28639,4.98779,high,5.8159,0.100584,6.818473,0.8892808,non,0,other,Golenkinia radiata,0.184570074
Norwegian Trench,24.03.18,12:00,58.28639,4.98779,high,5.8159,0.100584,6.818473,0.8892808,non,0,diatom,Coscinodiscus wailesii,0.03953101
Norwegian Trench,24.03.18,12:00,58.28639,4.98779,high,5.8159,0.100584,6.818473,0.8892808,non,0,other,Chroococcus distans,0.163086362
Norwegian Trench,24.03.18,12:00,58.28639,4.98779,high,5.8159,0.100584,6.818473,0.8892808,non,0,diatom,Cerataulina pelagica,0.037909974
Norwegian Trench,25.03.18,12:00,58.28639,4.98779,high,6.016,0.104155,7.628612,1.1913365,non,0,other,Snowella fennica,0.27700237
Norwegian Trench,25.03.18,12:00,58.28639,4.98779,high,6.016,0.104155,7.628612,1.1913365,non,0,other,Coelosphaerium dubium,0.199276743
Norwegian Trench,25.03.18,12:00,58.28639,4.98779,high,6.016,0.104155,7.628612,1.1913365,medium,1,other,Alexandrium catenella,0.035153948
Norwegian Trench,25.03.18,12:00,58.28639,4.98779,high,6.016,0.104155,7.628612,1.1913365,non,0,diatom,Skeletonema subsalsum,0.027444131
Norwegian Trench,25.03.18,12:00,58.28639,4.98779,high,6.016,0.104155,7.628612,1.1913365,non,0,other,Radiocystis geminata,0.155927883
Norwegian Trench,25.03.18,12:00,58.28639,4.98779,high,6.016,0.104155,7.628612,1.1913365,low,1,diatom,Cylindrotheca closterium,0.009852152
Norwegian Trench,25.03.18,12:00,58.28639,4.98779,high,6.016,0.104155,7.628612,1.1913365,medium,1,diatom,Thalassiosira mala,0.011844247
Norwegian Trench,25.03.18,12:00,58.28639,4.98779,high,6.016,0.104155,7.628612,1.1913365,non,0,other,Tetrastrum elegans,0.192111593
Norwegian Trench,25.03.18,12:00,58.28639,4.98779,high,6.016,0.104155,7.628612,1.1913365,non,0,other,Cryptaulax marina,0.192403895
Norwegian Trench,25.03.18,12:00,58.28639,4.98779,high,6.016,0.104155,7.628612,1.1913365,low,1,other,Chattonella antiqua,0.052218981
Norwegian Trench,25.03.18,12:00,58.28639,4.98779,high,6.016,0.104155,7.628612,1.1913365,non,0,other,Cyanodictyon planctonicum,0.113978323
Norwegian Trench,25.03.18,12:00,58.28639,4.98779,high,6.016,0.104155,7.628612,1.1913365,non,0,other,Planctonema lauterbornii,0.140881555
Norwegian Trench,25.03.18,12:00,58.28639,4.98779,high,6.016,0.104155,7.628612,1.1913365,non,0,diatom,Leptocylindrus danicus,0.06659487
Norwegian Trench,25.03.18,12:00,58.28639,4.98779,high,6.016,0.104155,7.628612,1.1913365,non,0,other,Golenkinia radiata,0.185550754
Norwegian Trench,25.03.18,12:00,58.28639,4.98779,high,6.016,0.104155,7.628612,1.1913365,non,0,diatom,Coscinodiscus wailesii,0.054272966
Norwegian Trench,25.03.18,12:00,58.28639,4.98779,high,6.016,0.104155,7.628612,1.1913365,non,0,other,Chroococcus distans,0.162012557
Norwegian Trench,25.03.18,12:00,58.28639,4.98779,high,6.016,0.104155,7.628612,1.1913365,non,0,diatom,Cerataulina pelagica,0.056442105
Norwegian Trench,26.03.18,12:00,58.28639,4.98779,high,5.9297,0.070105,9.598395,1.0311219,non,0,other,Snowella fennica,0.139690249
Norwegian Trench,26.03.18,12:00,58.28639,4.98779,high,5.9297,0.070105,9.598395,1.0311219,non,0,other,Coelosphaerium dubium,0.096383528
Norwegian Trench,26.03.18,12:00,58.28639,4.98779,high,5.9297,0.070105,9.598395,1.0311219,medium,1,other,Alexandrium catenella,0.011880622
Norwegian Trench,26.03.18,12:00,58.28639,4.98779,high,5.9297,0.070105,9.598395,1.0311219,non,0,diatom,Skeletonema subsalsum,0.01386782
Norwegian Trench,26.03.18,12:00,58.28639,4.98779,high,5.9297,0.070105,9.598395,1.0311219,non,0,other,Radiocystis geminata,0.08396006
Norwegian Trench,26.03.18,12:00,58.28639,4.98779,high,5.9297,0.070105,9.598395,1.0311219,low,1,diatom,Cylindrotheca closterium,0.003895544
Norwegian Trench,26.03.18,12:00,58.28639,4.98779,high,5.9297,0.070105,9.598395,1.0311219,medium,1,diatom,Thalassiosira mala,0.004325252
Norwegian Trench,26.03.18,12:00,58.28639,4.98779,high,5.9297,0.070105,9.598395,1.0311219,non,0,other,Tetrastrum elegans,0.10248942
Norwegian Trench,26.03.18,12:00,58.28639,4.98779,high,5.9297,0.070105,9.598395,1.0311219,non,0,other,Cryptaulax marina,0.10308409
Norwegian Trench,26.03.18,12:00,58.28639,4.98779,high,5.9297,0.070105,9.598395,1.0311219,low,1,other,Chattonella antiqua,0.017030431
Norwegian Trench,26.03.18,12:00,58.28639,4.98779,high,5.9297,0.070105,9.598395,1.0311219,non,0,other,Cyanodictyon planctonicum,0.061847132
Norwegian Trench,26.03.18,12:00,58.28639,4.98779,high,5.9297,0.070105,9.598395,1.0311219,non,0,other,Planctonema lauterbornii,0.080538791
Norwegian Trench,26.03.18,12:00,58.28639,4.98779,high,5.9297,0.070105,9.598395,1.0311219,non,0,diatom,Leptocylindrus danicus,0.030310384
Norwegian Trench,26.03.18,12:00,58.28639,4.98779,high,5.9297,0.070105,9.598395,1.0311219,non,0,other,Golenkinia radiata,0.093808013
Norwegian Trench,26.03.18,12:00,58.28639,4.98779,high,5.9297,0.070105,9.598395,1.0311219,non,0,diatom,Coscinodiscus wailesii,0.022307371
Norwegian Trench,26.03.18,12:00,58.28639,4.98779,high,5.9297,0.070105,9.598395,1.0311219,non,0,other,Chroococcus distans,0.087840679
Norwegian Trench,26.03.18,12:00,58.28639,4.98779,high,5.9297,0.070105,9.598395,1.0311219,non,0,diatom,Cerataulina pelagica,0.02442791
Norwegian Trench,27.3.18,12:00,58.28639,4.98779,high,6.0067,0.135262,11.351974,0.9130016,non,0,other,Snowella fennica,0.390140743
Norwegian Trench,27.3.18,12:00,58.28639,4.98779,high,6.0067,0.135262,11.351974,0.9130016,non,0,other,Coelosphaerium dubium,0.282213823
Norwegian Trench,27.3.18,12:00,58.28639,4.98779,high,6.0067,0.135262,11.351974,0.9130016,medium,1,other,Alexandrium catenella,0.076174903
Norwegian Trench,27.3.18,12:00,58.28639,4.98779,high,6.0067,0.135262,11.351974,0.9130016,non,0,diatom,Skeletonema subsalsum,0.032362218
Norwegian Trench,27.3.18,12:00,58.28639,4.98779,high,6.0067,0.135262,11.351974,0.9130016,non,0,other,Radiocystis geminata,0.236287094
Norwegian Trench,27.3.18,12:00,58.28639,4.98779,high,6.0067,0.135262,11.351974,0.9130016,low,1,diatom,Cylindrotheca closterium,0.008676276
Norwegian Trench,27.3.18,12:00,58.28639,4.98779,high,6.0067,0.135262,11.351974,0.9130016,medium,1,diatom,Thalassiosira mala,0.009819636
Norwegian Trench,27.3.18,12:00,58.28639,4.98779,high,6.0067,0.135262,11.351974,0.9130016,non,0,other,Tetrastrum elegans,0.300447748
Norwegian Trench,27.3.18,12:00,58.28639,4.98779,high,6.0067,0.135262,11.351974,0.9130016,non,0,other,Cryptaulax marina,0.292858082
Norwegian Trench,27.3.18,12:00,58.28639,4.98779,high,6.0067,0.135262,11.351974,0.9130016,low,1,other,Chattonella antiqua,0.110924022
Norwegian Trench,27.3.18,12:00,58.28639,4.98779,high,6.0067,0.135262,11.351974,0.9130016,non,0,other,Cyanodictyon planctonicum,0.163256571
Norwegian Trench,27.3.18,12:00,58.28639,4.98779,high,6.0067,0.135262,11.351974,0.9130016,non,0,other,Planctonema lauterbornii,0.211199153
Norwegian Trench,27.3.18,12:00,58.28639,4.98779,high,6.0067,0.135262,11.351974,0.9130016,non,0,diatom,Leptocylindrus danicus,0.079676409
Norwegian Trench,27.3.18,12:00,58.28639,4.98779,high,6.0067,0.135262,11.351974,0.9130016,non,0,other,Golenkinia radiata,0.263803803
Norwegian Trench,27.3.18,12:00,58.28639,4.98779,high,6.0067,0.135262,11.351974,0.9130016,non,0,diatom,Coscinodiscus wailesii,0.060135597
Norwegian Trench,27.3.18,12:00,58.28639,4.98779,high,6.0067,0.135262,11.351974,0.9130016,non,0,other,Chroococcus distans,0.226480565
Norwegian Trench,27.3.18,12:00,58.28639,4.98779,high,6.0067,0.135262,11.351974,0.9130016,non,0,diatom,Cerataulina pelagica,0.061227564